"_real,_time","_totl,_time",missn_time,"timer,_time","_zulu,_time","local,_time","hobbs,_time","_Vind,_kias","_Vind,_keas","Vtrue,_ktas","Vtrue,_ktgs","_Vind,__mph","Vtrue,mphas","Vtrue,mphgs","_Mach,ratio","__VVI,__fpm","Gload,norml","Gload,axial","Gload,_side","alpha,__deg",_beta__deg,"hpath,_true","vpath,__deg","_slip,__deg","pitch,__deg","_roll,__deg","hding,_true","hding,__mag","mavar,__deg","__mag,_comp","__lat,__deg","__lon,__deg","___CG,ftMSL","_gear,ftagl","terrn,ftMSL","p-alt,ftMSL","__lat,orign","__lon,orign","thro1,engin"
81.87,1495.28284,5.93363,0,11.2153,16.7153,3.80302,156.23796,155.78564,200.64513,200.64108,179.79544,230.8983,230.89365,0.32191,120.55799,1.0111,0.06043,-0.00139,3.54899,-0.10746,174.94562,0.42337,-0.07562,3.97302,0.39592,174.86266,174.44507,-0.41759,174.94748,26.50571,82.62648,16320.32324,16038.98047,277.97638,16320.30957,26.5,83,0.11765
81.94147,1495.35437,6.0051,0,11.21532,16.71532,3.80304,156.2299,155.77499,200.632,200.62782,179.78616,230.88319,230.87839,0.32189,122.72457,1.01099,0.06051,-0.00138,3.54899,-0.10721,174.94778,0.42904,-0.07572,3.97868,0.39309,174.86491,174.44733,-0.41758,174.94821,26.50564,82.62649,16320.50293,16039.18652,277.9487,16320.48926,26.5,83,0.11765
82.06612,1495.46997,6.12073,0,11.21535,16.71535,3.80307,156.21596,155.75775,200.61078,200.6064,179.77013,230.85876,230.85373,0.32186,126.24393,1.01071,0.06064,-0.00135,3.54881,-0.10672,174.95128,0.4381,-0.07583,3.98755,0.38898,174.86864,174.45107,-0.41757,174.94931,26.50553,82.6265,16320.79883,16039.30371,278.12704,16320.78418,26.5,83,0.11765
82.17554,1495.57947,6.23016,0,11.21538,16.71538,3.80311,156.20224,155.74144,200.59071,200.58609,179.75433,230.83568,230.83035,0.32183,129.52953,1.01041,0.06081,-0.00133,3.54851,-0.10621,174.95456,0.44651,-0.07586,3.99565,0.38567,174.87224,174.45468,-0.41755,174.95035,26.50543,82.62651,16321.08398,16039.20605,278.51016,16321.07031,26.5,83,0.11765
82.2875,1495.69141,6.34211,0,11.21541,16.71541,3.80314,156.18774,155.72482,200.57028,200.56546,179.73766,230.81218,230.80661,0.32179,132.86095,1.01009,0.06101,-0.00131,3.54814,-0.10574,174.9579,0.45493,-0.0758,4.0037,0.38289,174.87587,174.45833,-0.41753,174.95142,26.50533,82.62652,16321.38184,16039.11328,278.90207,16321.36816,26.5,83,0.11765
82.38102,1495.78491,6.43563,0,11.21544,16.71544,3.80316,156.17529,155.71107,200.55341,200.54836,179.72333,230.79276,230.78693,0.32177,135.61713,1.00981,0.0612,-0.00129,3.54781,-0.10542,174.96066,0.46182,-0.07571,4.01025,0.381,174.87883,174.4613,-0.41752,174.95233,26.50524,82.62653,16321.63477,16039.03809,279.22952,16321.62109,26.5,83,0.11765
82.4936,1495.89746,6.54821,0,11.21547,16.71547,3.80319,156.15999,155.69472,200.53336,200.52803,179.7057,230.76968,230.76355,0.32173,138.8961,1.0095,0.06143,-0.00128,3.54742,-0.10512,174.964,0.46995,-0.07556,4.01799,0.37913,174.88234,174.46483,-0.4175,174.95355,26.50514,82.62654,16321.94434,16038.95312,279.62369,16321.92969,26.5,83,0.11765
82.62269,1496.01379,6.66456,0,11.2155,16.7155,3.80323,156.14391,155.67795,200.51283,200.50726,179.68721,230.74606,230.73964,0.3217,142.24033,1.00918,0.06168,-0.00127,3.54707,-0.10492,174.96742,0.47815,-0.07538,4.02584,0.37753,174.88586,174.46838,-0.41749,174.9549,26.50503,82.62655,16322.26953,16038.87109,280.03116,16322.25488,26.5,83,0.11765
82.75961,1496.14404,6.79481,0,11.21554,16.71554,3.80326,156.12567,155.65947,200.49026,200.48438,179.66621,230.72009,230.7133,0.32167,145.91917,1.00885,0.06197,-0.00127,3.54676,-0.10486,174.97124,0.48712,-0.07518,4.03449,0.37594,174.88963,174.47217,-0.41747,174.95654,26.50491,82.62656,16322.63965,16038.78516,280.48734,16322.62598,26.5,83,0.11765
82.8578,1496.24231,6.893,0,11.21557,16.71557,3.80329,156.11177,155.64574,200.47353,200.46747,179.65022,230.70082,230.69385,0.32164,148.65897,1.00861,0.06218,-0.00127,3.54657,-0.10493,174.97411,0.49374,-0.07503,4.04092,0.37474,174.89236,174.47491,-0.41745,174.95781,26.50482,82.62657,16322.92383,16038.72559,280.83127,16322.91016,26.5,83,0.11765
82.96738,1496.35181,7.00258,0,11.2156,16.7156,3.80332,156.09622,155.6306,200.45508,200.44868,179.63232,230.67958,230.67224,0.32161,151.66141,1.00837,0.06242,-0.00128,3.54643,-0.10506,174.97728,0.501,-0.0749,4.04803,0.3733,174.89531,174.47787,-0.41744,174.95927,26.50472,82.62658,16323.24512,16038.66309,281.21515,16323.23145,26.5,83,0.11765
83.07641,1496.46094,7.11162,0,11.21563,16.71563,3.80335,156.08072,155.61569,200.43697,200.43047,179.61449,230.65875,230.65128,0.32158,154.59824,1.00817,0.06266,-0.00129,3.54629,-0.10525,174.98042,0.50811,-0.07481,4.05501,0.3716,174.89815,174.48073,-0.41742,174.96071,26.50462,82.62659,16323.56934,16038.60547,281.59717,16323.55566,26.5,83,0.11765
83.18819,1496.57263,7.2234,0,11.21566,16.71566,3.80338,156.06483,155.60063,200.41867,200.41187,179.59621,230.6377,230.62987,0.32155,157.56519,1.00793,0.06289,-0.0013,3.54615,-0.10547,174.9836,0.51527,-0.07475,4.06203,0.36953,174.901,174.4836,-0.41741,174.96214,26.50451,82.6266,16323.90625,16038.55078,281.98883,16323.89258,26.5,83,0.11765
83.27927,1496.6637,7.31447,0,11.21568,16.71568,3.80341,156.05188,155.58852,200.40398,200.39697,179.5813,230.62079,230.61273,0.32153,159.94603,1.00774,0.06309,-0.00131,3.54605,-0.10563,174.98619,0.521,-0.07472,4.06765,0.36762,174.90329,174.4859,-0.41739,174.96327,26.50443,82.62661,16324.18457,16038.50977,282.30795,16324.1709,26.5,83,0.11765
83.39394,1496.77844,7.42915,0,11.21572,16.71572,3.80344,156.03563,155.57339,200.3857,200.37843,179.56261,230.59975,230.59138,0.3215,162.89931,1.00751,0.06332,-0.00132,3.54593,-0.10584,174.9894,0.5281,-0.07473,4.07462,0.36497,174.90614,174.48877,-0.41738,174.96463,26.50432,82.62662,16324.53906,16037.90039,283.27158,16324.52539,26.5,83,0.11765
83.52933,1496.90881,7.55959,0,11.21575,16.71575,3.80347,156.01729,155.55649,200.36528,200.35768,179.54149,230.57625,230.5675,0.32147,166.18759,1.00724,0.06359,-0.00133,3.54579,-0.10602,174.99301,0.536,-0.07476,4.08239,0.36165,174.90936,174.492,-0.41736,174.96608,26.5042,82.62663,16324.94824,16037.20703,284.37329,16324.93457,26.5,83,0.11765
83.6251,1497.00464,7.65536,0,11.21578,16.71578,3.8035,156.00388,155.54428,200.35054,200.34274,179.52606,230.55928,230.55032,0.32145,168.56636,1.00705,0.06378,-0.00133,3.54568,-0.10609,174.99562,0.5417,-0.0748,4.08798,0.35907,174.91174,174.4944,-0.41734,174.96703,26.50411,82.62664,16325.25195,16036.70215,285.18225,16325.23828,26.5,83,0.11765
83.74018,1497.11975,7.77044,0,11.21581,16.71581,3.80353,155.98782,155.52975,200.33305,200.32506,179.50758,230.53917,230.52997,0.32142,171.37079,1.00682,0.064,-0.00133,3.54556,-0.10613,174.99875,0.54842,-0.07485,4.09458,0.35585,174.91463,174.4973,-0.41733,174.96808,26.50401,82.62665,16325.62207,16036.09961,286.15427,16325.6084,26.5,83,0.11765
83.85076,1497.23035,7.88103,0,11.21584,16.71584,3.80356,155.97261,155.51598,200.31648,200.30829,179.49008,230.5201,230.51067,0.32139,174.01186,1.00661,0.06421,-0.00133,3.54545,-0.10614,175.00171,0.55476,-0.0749,4.10079,0.35272,174.91737,174.50006,-0.41731,174.96899,26.5039,82.62666,16325.98145,16035.52441,287.08826,16325.9668,26.5,83,0.11765
83.9697,1497.34924,7.99996,0,11.21587,16.71587,3.8036,155.95641,155.50139,200.29897,200.29082,179.47144,230.49994,230.49057,0.32136,176.79897,1.00638,0.06444,-0.00133,3.54533,-0.10605,175.00485,0.56144,-0.07495,4.10735,0.34939,174.92041,174.50311,-0.41729,174.96989,26.50379,82.62667,16326.37207,16034.91113,288.09283,16326.3584,26.5,83,0.11765
84.05119,1497.43066,8.08146,0,11.2159,16.7159,3.80362,155.94525,155.49159,200.28708,200.28093,179.4586,230.48625,230.47919,0.32134,178.69286,1.00629,0.06459,-0.00132,3.54523,-0.10599,175.00699,0.56594,-0.07497,4.11175,0.34717,174.92245,174.50517,-0.41728,174.97047,26.50372,82.62668,16326.64258,16034.49512,288.78116,16326.62891,26.5,83,0.11765
84.14327,1497.52283,8.17354,0,11.21592,16.71592,3.80365,155.93297,155.48041,200.27385,200.26505,179.44446,230.47104,230.46091,0.32132,180.76727,1.00607,0.06476,-0.00132,3.54511,-0.1059,175.00938,0.57096,-0.07499,4.11664,0.3448,174.92479,174.50752,-0.41727,174.97113,26.50363,82.62669,16326.95117,16034.02539,289.55887,16326.9375,26.5,83,0.11765
84.27673,1497.65393,8.30466,0,11.21596,16.71596,3.80368,155.9155,155.46481,200.25523,200.24623,179.42436,230.44962,230.43925,0.32129,183.69473,1.00581,0.06499,-0.00131,3.54489,-0.10578,175.01276,0.57796,-0.075,4.12342,0.34161,174.9281,174.51085,-0.41725,174.97202,26.50351,82.62669,16327.39453,16033.68457,290.34387,16327.38086,26.5,83,0.11765
84.38753,1497.76477,8.41546,0,11.21599,16.71599,3.80371,155.90089,155.45186,200.23978,200.23041,179.40755,230.43184,230.42105,0.32127,186.12119,1.00559,0.06518,-0.00131,3.54471,-0.10566,175.01558,0.58374,-0.07498,4.12901,0.33906,174.93089,174.51366,-0.41723,174.9727,26.50341,82.62671,16327.77344,16033.48828,290.91809,16327.75977,26.5,83,0.11765
84.50087,1497.87805,8.5288,0,11.21602,16.71602,3.80374,155.88614,155.43872,200.22418,200.21457,179.39056,230.41388,230.40282,0.32125,188.55637,1.00536,0.06538,-0.0013,3.54453,-0.10556,175.01845,0.58952,-0.07495,4.1346,0.33657,174.9337,174.51648,-0.41722,174.9735,26.5033,82.62672,16328.16504,16033.29199,291.50549,16328.15137,26.5,83,0.11765
84.6277,1498.00488,8.65563,0,11.21606,16.71606,3.80378,155.86987,155.4243,200.20705,200.19724,179.37186,230.39417,230.38287,0.32122,191.21843,1.00512,0.06559,-0.0013,3.54434,-0.10547,175.02164,0.59584,-0.07491,4.14073,0.33392,174.9368,174.51961,-0.4172,174.97433,26.50319,82.62672,16328.6084,16033.07715,292.1629,16328.59375,26.5,83,0.11765
84.77824,1498.13721,8.78793,0,11.21609,16.71609,3.80382,155.85312,155.40947,200.18948,200.17952,179.35257,230.37396,230.36249,0.32119,193.93834,1.00488,0.06581,-0.0013,3.54418,-0.10543,175.02492,0.60226,-0.07485,4.14699,0.33124,174.93994,174.52277,-0.41718,174.97525,26.50306,82.62674,16329.07422,16032.85938,292.8486,16329.06055,26.5,83,0.11765
84.88779,1498.2467,8.89748,0,11.21612,16.71612,3.80385,155.83943,155.39734,200.17516,200.16495,179.33682,230.35745,230.34572,0.32117,196.14211,1.00469,0.06599,-0.0013,3.54407,-0.10541,175.0276,0.60746,-0.07481,4.15208,0.32905,174.94254,174.52538,-0.41716,174.97597,26.50296,82.62675,16329.46484,16032.68164,293.41647,16329.45117,26.5,83,0.11765
85.01024,1498.36365,9.01443,0,11.21616,16.71616,3.80388,155.82498,155.38464,200.16017,200.14972,179.32019,230.34023,230.32819,0.32115,198.45219,1.00449,0.06617,-0.0013,3.54397,-0.10541,175.03046,0.6129,-0.07476,4.15741,0.32673,174.94525,174.52811,-0.41715,174.97673,26.50286,82.62676,16329.88477,16032.49414,294.02264,16329.87109,26.5,83,0.11765
85.10474,1498.45813,9.10893,0,11.21618,16.71618,3.80391,155.81346,155.3744,200.14813,200.13747,179.30693,230.32637,230.31409,0.32113,200.2832,1.00437,0.06633,-0.0013,3.54389,-0.10542,175.03275,0.61721,-0.07473,4.16164,0.32484,174.94739,174.53026,-0.41713,174.97737,26.50277,82.62677,16330.22656,16032.34668,294.51254,16330.21289,26.5,83,0.11765
85.18648,1498.53992,9.19067,0,11.21621,16.71621,3.80393,155.80353,155.36584,200.13789,200.12918,179.2955,230.31459,230.30455,0.32111,201.84903,1.00426,0.06645,-0.0013,3.5438,-0.10545,175.0347,0.6209,-0.07471,4.16523,0.32318,174.94922,174.5321,-0.41712,174.97789,26.50269,82.62678,16330.52441,16032.22168,294.93625,16330.51074,26.5,83,0.11765
85.24834,1498.60181,9.25253,0,11.21622,16.71622,3.80394,155.79625,155.35915,200.1302,200.11926,179.28712,230.30573,230.29314,0.3211,202.99606,1.00412,0.06655,-0.0013,3.54373,-0.10546,175.03616,0.62364,-0.0747,4.16791,0.3219,174.95061,174.53349,-0.41711,174.97826,26.50263,82.62678,16330.75098,16032.12695,295.25696,16330.7373,26.5,83,0.11765
85.38535,1498.71777,9.36849,0,11.21625,16.71626,3.80398,155.78246,155.34698,200.11595,200.10481,179.27126,230.28932,230.27652,0.32108,205.14401,1.00392,0.06672,-0.0013,3.54358,-0.10552,175.03889,0.6287,-0.07468,4.17282,0.31947,174.95312,174.53603,-0.41709,174.97902,26.50253,82.62679,16331.17871,16031.95215,295.85812,16331.16504,26.5,83,0.11765
85.47719,1498.80957,9.46033,0,11.21628,16.71628,3.804,155.77168,155.33749,200.10484,200.09352,179.25885,230.27655,230.26352,0.32106,206.81218,1.00376,0.06685,-0.0013,3.54346,-0.10553,175.04106,0.63262,-0.07467,4.17661,0.31749,174.95515,174.53807,-0.41708,174.97957,26.50244,82.6268,16331.51953,16031.81738,296.33426,16331.50586,26.5,83,0.11765
85.6161,1498.92554,9.57628,0,11.21631,16.71631,3.80403,155.75821,155.32565,200.091,200.07959,179.24335,230.26062,230.24748,0.32104,208.87874,1.00356,0.06702,-0.00131,3.54331,-0.10557,175.04375,0.63747,-0.07466,4.18131,0.31495,174.95764,174.54057,-0.41706,174.98026,26.50233,82.62681,16331.95312,16031.64941,296.93546,16331.93848,26.5,83,0.11765
85.70724,1499.01672,9.66743,0,11.21634,16.71634,3.80406,155.7478,155.31645,200.08028,200.06871,179.23137,230.24829,230.23497,0.32102,210.46829,1.00341,0.06715,-0.00131,3.54321,-0.10558,175.04584,0.64119,-0.07465,4.18492,0.31291,174.95959,174.54254,-0.41705,174.98077,26.50225,82.62682,16332.2959,16031.51953,297.40805,16332.28223,26.5,83,0.11765
85.83453,1499.14392,9.79471,0,11.21637,16.71637,3.8041,155.73346,155.30371,200.06546,200.05368,179.21487,230.23123,230.21767,0.321,212.64038,1.00321,0.06733,-0.00131,3.54307,-0.10558,175.04872,0.64628,-0.07465,4.18987,0.31004,174.9623,174.54526,-0.41703,174.98148,26.50213,82.62683,16332.77832,16031.3418,298.06802,16332.76367,26.5,83,0.11765
85.94364,1499.25305,9.90382,0,11.2164,16.7164,3.80413,155.72134,155.29015,200.04938,200.03769,179.20093,230.21272,230.19926,0.32097,214.46623,1.00538,0.06425,0.01882,3.53974,-0.13883,175.05887,0.6513,-0.04503,4.19201,0.44174,174.94731,174.53029,-0.41702,174.99477,26.50203,82.62684,16333.19434,16031.19336,298.63379,16333.18066,26.5,83,0.11765
86.09225,1499.38928,10.03999,0,11.21644,16.71644,3.80416,155.7061,155.25317,200.00346,199.99416,179.18338,230.15988,230.14917,0.3209,216.71622,1.00823,0.04964,0.06488,3.50858,-0.43032,175.10869,0.65891,0.13281,4.17756,1.50229,174.77042,174.35342,-0.417,175.09821,26.50191,82.62685,16333.71973,16031.01172,299.33981,16333.70508,26.5,83,0.11765
86.22576,1499.55005,10.20079,0,11.21649,16.71649,3.80421,155.68607,155.1862,199.9192,199.91083,179.16032,230.06293,230.05328,0.32076,219.34038,0.97726,0.04011,0.03126,3.41639,-1.25332,175.19228,0.65092,0.3693,4.13932,3.60343,174.15594,173.73897,-0.41697,175.36188,26.50176,82.62686,16334.34082,16030.79883,300.17331,16334.32715,26.5,83,0.11765
86.33688,1499.68701,10.33778,0,11.21652,16.71652,3.80425,155.66278,155.1201,199.83578,199.8286,179.13353,229.96692,229.95865,0.32063,221.21236,0.93011,0.03221,0.00091,3.33067,-2.19828,175.26019,0.62322,0.43419,4.12668,4.81227,173.34879,172.93184,-0.41695,175.61372,26.50163,82.62688,16334.85449,16030.60352,300.88306,16334.83984,26.5,83,0.11765
86.46912,1499.84973,10.50051,0,11.21657,16.71657,3.80429,155.61566,155.03442,199.72725,199.72276,179.07932,229.84201,229.83685,0.32046,222.12579,0.94009,0.03446,-0.06532,3.30255,-3.44206,175.31409,0.56462,0.32661,4.14353,4.78629,172.15926,171.74232,-0.41693,175.7627,26.50148,82.62689,16335.41699,16030.32324,301.72583,16335.40234,26.5,83,0.11765
86.5477,1499.95532,10.60612,0,11.2166,16.7166,3.80432,155.56485,154.99184,199.67339,199.67409,179.02084,229.78003,229.78084,0.32037,221.4756,0.94351,0.04937,-0.13517,3.39652,-4.04407,175.28923,0.53389,-0.01032,4.15513,3.24651,171.44371,171.02679,-0.41691,175.57535,26.50138,82.6269,16335.75488,16030.11328,302.27258,16335.74023,26.5,83,0.11765
86.62457,1500.03772,10.6885,0,11.21662,16.71662,3.80434,155.51218,154.97089,199.64719,199.64569,178.96022,229.74989,229.74817,0.32033,220.27054,0.97211,0.06914,-0.20062,3.57256,-4.21169,175.22237,0.52091,-0.33422,4.15565,0.83243,171.06282,170.64592,-0.4169,175.16376,26.50131,82.62691,16336.00879,16029.94238,302.69913,16335.99414,26.5,83,0.11765
86.67571,1500.10706,10.75776,0,11.21664,16.71664,3.80436,155.4604,154.95834,199.63191,199.62514,178.90065,229.73232,229.72452,0.32031,218.87447,1.02502,0.08096,-0.21465,3.75874,-4.09613,175.13995,0.52368,-0.59605,4.14498,-1.91401,170.92046,170.50357,-0.41689,174.62231,26.50124,82.62691,16336.21973,16029.79492,303.05777,16336.20605,26.5,83,0.11765
86.82951,1500.29175,10.94248,0,11.21669,16.71669,3.80441,155.30424,154.92091,199.58565,199.57852,178.72093,229.67906,229.67087,0.32023,214.38707,1.11322,0.07765,-0.1842,4.05013,-2.60999,174.81522,0.57911,-1.25227,4.08527,-10.53845,171.50876,171.09189,-0.41687,172.49619,26.50107,82.62693,16336.81543,16029.43262,304.01465,16336.80176,26.5,83,0.11765
86.92142,1500.4071,11.05789,0,11.21672,16.71672,3.80445,155.21867,154.87407,199.52663,199.52007,178.62247,229.61116,229.60359,0.32014,212.19337,1.09628,0.05789,-0.12055,3.87254,-1.02987,174.55753,0.60698,-1.62642,4.06898,-15.37769,172.53807,172.12122,-0.41685,170.92613,26.50097,82.62694,16337.2207,16029.48828,304.36349,16337.20703,26.5,83,0.11765
87.04711,1500.56299,11.21373,0,11.21677,16.71677,3.80449,155.14023,154.79916,199.43192,199.42633,178.5322,229.50215,229.49573,0.31999,210.53334,0.93438,0.03516,-0.01153,3.25758,1.47813,174.22993,0.56779,-1.88073,4.13209,-19.60047,174.53044,174.11362,-0.41683,169.09085,26.50082,82.62695,16337.76562,16030.70117,303.69705,16337.75195,26.5,83,0.11765
87.14075,1500.67896,11.32964,0,11.2168,16.7168,3.80452,155.10342,154.75023,199.37003,199.36794,178.48984,229.43094,229.42853,0.31989,209.242,0.82205,0.02576,0.07257,2.86364,3.28718,174.05811,0.45621,-1.70989,4.27725,-20.17107,176.1571,175.7403,-0.41681,168.19963,26.50072,82.62697,16338.11133,16031.54395,303.19916,16338.09766,26.5,83,0.11765
87.21817,1500.76343,11.41412,0,11.21682,16.71682,3.80455,155.07567,154.71609,199.32657,199.33473,178.4579,229.38094,229.39032,0.31982,207.24675,0.78705,0.02701,0.12415,2.75076,4.4626,173.97688,0.35798,-1.36215,4.42639,-19.24557,177.28413,176.86734,-0.4168,167.83138,26.50064,82.62698,16338.30762,16032.10254,302.83572,16338.29297,26.5,83,0.11765
87.28291,1500.84216,11.49286,0,11.21684,16.71684,3.80457,155.04112,154.68652,199.28908,199.29019,178.41814,229.33778,229.33907,0.31976,204.19243,0.78597,0.03738,0.18304,2.81272,5.38576,173.93503,0.26933,-0.99976,4.57206,-17.4881,178.22717,177.81039,-0.41679,167.70222,26.50057,82.62698,16338.44824,16032.58398,302.49664,16338.43457,26.5,83,0.11765
87.41041,1500.99451,11.6453,0,11.21689,16.71689,3.80461,154.92285,154.65465,199.24863,199.24892,178.28204,229.29123,229.29156,0.31969,193.77502,0.93215,0.08745,0.33032,3.50885,6.2231,173.97357,0.17264,-0.33669,4.78229,-10.74703,179.43375,179.01698,-0.41676,168.00214,26.50043,82.627,16338.62793,16033.41992,301.84048,16338.61426,26.5,83,0.11765
87.53403,1501.14062,11.79132,0,11.21693,16.71693,3.80465,154.74652,154.63351,199.22194,199.22203,178.07912,229.26053,229.26062,0.31965,179.71663,1.1599,0.10944,0.29431,4.4145,5.33352,174.13976,0.24298,0.2525,4.73115,-0.78484,179.41241,178.99567,-0.41674,169.03964,26.50029,82.62701,16338.7959,16034.21484,301.21332,16338.78125,26.5,83,0.11765
87.66135,1501.29309,11.94382,0,11.21697,16.71697,3.80469,154.54913,154.60957,199.19205,199.18852,177.85197,229.22612,229.22206,0.3196,165.47893,1.21899,0.10547,0.16045,4.55861,3.22844,174.39359,0.40783,0.82278,4.441,8.49931,178.25989,177.84317,-0.41672,170.82314,26.50015,82.62704,16339.09277,16035.16309,300.56137,16339.07812,26.5,83,0.11765
87.78181,1501.4436,12.09431,0,11.21701,16.71701,3.80473,154.41032,154.59702,199.1772,199.16989,177.69223,229.20905,229.20062,0.31958,156.39169,1.06944,0.08175,0.0381,3.90999,0.94734,174.6544,0.50539,1.16764,4.08676,13.51241,176.48862,176.07191,-0.4167,172.90437,26.50001,82.62704,16339.51074,16036.22168,299.92133,16339.49707,26.5,83,0.11765
87.88545,1501.54724,12.19794,0,11.21704,16.71704,3.80476,154.36444,154.59657,199.17766,199.16968,177.63943,229.20956,229.20038,0.31958,153.41406,0.94933,0.06819,-0.03997,3.37425,-0.44305,174.78868,0.49751,1.10127,3.87521,14.51007,175.2047,174.78801,-0.41668,174.23312,26.49992,82.62706,16339.81836,16036.96777,299.48221,16339.80469,26.5,83,0.11765
87.96409,1501.65295,12.30373,0,11.21707,16.71707,3.80479,154.35641,154.6033,199.18718,199.17891,177.6302,229.22052,229.211,0.3196,152.17775,0.84384,0.06103,-0.1046,2.9888,-1.56488,174.868,0.42785,0.80228,3.69958,13.53431,174.04559,173.62892,-0.41667,175.31746,26.49982,82.62707,16340.10254,16037.69824,299.03503,16340.08887,26.5,83,0.11765
88.02827,1501.71716,12.36791,0,11.21709,16.71709,3.80481,154.36388,154.60936,199.19557,199.19022,177.63878,229.23018,229.22401,0.31961,151.67038,0.80406,0.05915,-0.1357,2.87202,-2.08918,174.88977,0.36692,0.52827,3.6173,12.27947,173.45882,173.04216,-0.41666,175.76819,26.49976,82.62708,16340.25098,16038.11816,298.76398,16340.23633,26.5,83,0.11765
88.15649,1501.8739,12.52467,0,11.21713,16.71713,3.80485,154.40564,154.62953,199.22241,199.21957,177.68684,229.26108,229.2578,0.31965,148.86472,0.80645,0.06274,-0.15979,2.99933,-2.75152,174.88177,0.19677,-0.11732,3.52713,7.44256,172.54172,172.12508,-0.41664,176.25946,26.49962,82.62709,16340.49805,16039.02637,298.10196,16340.4834,26.5,83,0.11765
88.25168,1501.99561,12.64637,0,11.21716,16.71716,3.80489,154.44362,154.64711,199.24539,199.24364,177.73055,229.28751,229.28549,0.31969,143.45811,0.88602,0.0694,-0.14427,3.2991,-2.67986,174.83446,0.10343,-0.58484,3.53938,3.02659,172.33241,171.9158,-0.41662,176.07927,26.4995,82.6271,16340.59473,16039.63867,297.58768,16340.58105,26.5,83,0.11765
88.38471,1502.15808,12.80878,0,11.21721,16.71721,3.80493,154.49103,154.66794,199.27246,199.27119,177.78511,229.31865,229.3172,0.31973,131.75958,0.99683,0.07568,-0.10349,3.61766,-1.97504,174.7307,0.06836,-1.12171,3.6108,-2.11565,172.62354,172.20694,-0.41659,175.29837,26.49936,82.62711,16340.66602,16040.39844,296.90024,16340.65234,26.5,83,0.11765
88.52201,1502.32007,12.97084,0,11.21726,16.71725,3.80498,154.53854,154.68628,199.29631,199.295,177.83978,229.34612,229.34459,0.31977,117.28037,1.02908,0.07677,-0.04428,3.74267,-0.89112,174.60579,0.08059,-1.38808,3.72249,-5.42415,173.3651,172.94853,-0.41657,174.28023,26.49921,82.62713,16340.73438,16041.1543,296.21298,16340.7207,26.5,83,0.11765
88.63167,1502.45557,13.10636,0,11.21729,16.71729,3.80502,154.58221,154.7001,199.31436,199.3131,177.89005,229.36688,229.36542,0.3198,105.1285,1.04724,0.07696,0.01713,3.74783,0.02354,174.51649,0.10878,-1.36549,3.83552,-6.46012,174.11852,173.70197,-0.41655,173.52464,26.49908,82.62714,16340.80859,16041.80273,295.63718,16340.79492,26.5,83,0.11765
88.75875,1502.60754,13.25826,0,11.21733,16.71733,3.80506,154.63379,154.71379,199.33237,199.33081,177.94939,229.3876,229.3858,0.31983,93.11356,1.03667,0.0764,0.05108,3.70017,0.7982,174.45093,0.14572,-1.1369,3.90737,-5.78312,174.8725,174.45596,-0.41653,172.96912,26.49894,82.62716,16340.92285,16042.81543,294.73932,16340.90918,26.5,83,0.11765
88.86913,1502.7439,13.3946,0,11.21737,16.71737,3.8051,154.67868,154.72565,199.34808,199.34639,178.00105,229.4057,229.40373,0.31986,84.53745,1.02764,0.07597,0.06513,3.65193,1.21458,174.42497,0.17463,-0.85616,3.90539,-4.18814,175.36981,174.95331,-0.41651,172.76917,26.49882,82.62717,16341.05273,16043.7666,293.91678,16341.03809,26.5,83,0.11765
89.00545,1502.91113,13.56186,0,11.21742,16.71742,3.80514,154.72836,154.73997,199.36713,199.36502,178.05823,229.42761,229.42517,0.31989,77.15284,1.00934,0.07455,0.06903,3.5875,1.3483,174.43753,0.19799,-0.48065,3.82239,-1.63102,175.68324,175.26675,-0.41648,172.88817,26.49866,82.62719,16341.2373,16044.96191,292.90738,16341.22266,26.5,83,0.11765
89.14317,1503.07654,13.72728,0,11.21747,16.71747,3.80519,154.77238,154.75536,199.38759,199.38527,178.10889,229.45114,229.44847,0.31992,72.81934,0.98774,0.0723,0.05535,3.50692,1.13267,174.48598,0.20246,-0.15425,3.69174,0.87563,175.67207,175.25562,-0.41646,173.30682,26.49851,82.6272,16341.43262,16046.1543,291.90948,16341.41797,26.5,83,0.11765
89.23834,1503.19824,13.84897,0,11.2175,16.7175,3.80522,154.8042,154.76817,199.40456,199.40227,178.14549,229.47069,229.46803,0.31995,70.94466,0.96766,0.06983,0.04108,3.43713,0.83045,174.53421,0.19085,0.02217,3.59108,2.35294,175.50499,175.08855,-0.41644,173.72552,26.4984,82.62722,16341.57227,16047.02832,291.17581,16341.55762,26.5,83,0.11765
89.34757,1503.33203,13.98279,0,11.21754,16.71754,3.80526,154.84055,154.7841,199.42555,199.42339,178.18732,229.49483,229.49234,0.31998,69.47449,0.94983,0.06809,0.02271,3.37472,0.42328,174.59128,0.16283,0.14209,3.50553,3.4959,175.21944,174.80301,-0.41642,174.21922,26.49827,82.62723,16341.70996,16047.97168,290.36954,16341.69531,26.5,83,0.11765
89.46732,1503.48242,14.13314,0,11.21758,16.71758,3.8053,154.88409,154.80466,199.45244,199.45036,178.23744,229.52577,229.52339,0.32002,67.66234,0.9445,0.06726,-0.00158,3.33894,-0.03646,174.64906,0.12182,0.17592,3.45501,4.05196,174.8485,174.4321,-0.4164,174.73143,26.49814,82.62724,16341.83203,16049.00098,289.46405,16341.81836,26.5,83,0.11765
89.57132,1503.61401,14.26475,0,11.21762,16.71762,3.80534,154.92339,154.82439,199.47812,199.47636,178.28265,229.55533,229.55331,0.32007,65.30589,0.95116,0.06761,-0.01495,3.347,-0.38147,174.68971,0.08477,0.13282,3.45011,3.96641,174.54054,174.12416,-0.41638,175.08734,26.49801,82.62726,16341.90918,16049.86914,288.67178,16341.89453,26.5,83,0.11765
89.68143,1503.74829,14.39902,0,11.21765,16.71765,3.80537,154.96205,154.84544,199.5054,199.50372,178.32715,229.58672,229.58479,0.32011,61.89685,0.9605,0.06875,-0.02794,3.38667,-0.63202,174.71745,0.05293,0.03328,3.47128,3.42801,174.28894,173.87257,-0.41636,175.32307,26.49789,82.62727,16341.95996,16050.72754,287.86383,16341.94531,26.5,83,0.11765
89.79111,1503.88232,14.53308,0,11.21769,16.71769,3.80541,154.99771,154.86665,199.53284,199.5313,178.36818,229.61829,229.61652,0.32015,57.45303,0.97316,0.07023,-0.03492,3.44213,-0.75797,174.73148,0.03134,-0.09201,3.50411,2.5858,174.12947,173.71313,-0.41634,175.42397,26.49777,82.62728,16341.99023,16051.56348,287.05722,16341.97559,26.5,83,0.11765
89.90395,1504.02441,14.67518,0,11.21773,16.71773,3.80545,155.03123,154.88885,199.56149,199.55992,178.40677,229.65128,229.64946,0.3202,51.88805,0.98533,0.07165,-0.03604,3.49867,-0.75691,174.73358,0.02037,-0.22337,3.53832,1.56068,174.07219,173.65587,-0.41632,175.39923,26.49764,82.6273,16342.00879,16052.43848,286.20245,16341.99512,26.5,83,0.11765
90.02491,1504.17554,14.82624,0,11.21777,16.71777,3.80549,155.06218,154.912,199.59138,199.5898,178.44238,229.68567,229.68384,0.32025,45.56684,0.99577,0.07263,-0.02835,3.54009,-0.6331,174.72493,0.01881,-0.33486,3.56474,0.54493,174.1255,173.7092,-0.4163,175.26346,26.4975,82.62731,16342.02441,16053.24707,285.4093,16342.00977,26.5,83,0.11765
90.12981,1504.30322,14.95395,0,11.21781,16.71781,3.80553,155.0854,154.93124,199.61624,199.61479,178.4691,229.71428,229.7126,0.32029,40.37358,0.99921,0.07299,-0.02019,3.55663,-0.46702,174.71323,0.02236,-0.39144,3.57802,-0.11883,174.23885,173.82257,-0.41628,175.10088,26.49738,82.62732,16342.03906,16053.32227,285.34766,16342.02441,26.5,83,0.11765
90.25449,1504.45911,15.10981,0,11.21785,16.71785,3.80557,155.11189,154.95451,199.6463,199.64468,178.49959,229.74887,229.74701,0.32034,34.58872,0.99969,0.07297,-0.0084,3.55663,-0.24158,174.69923,0.02863,-0.4118,3.58266,-0.57452,174.42203,174.00577,-0.41626,174.89749,26.49724,82.62733,16342.06152,16053.4209,285.27246,16342.04688,26.5,83,0.11765
90.36308,1504.59131,15.2421,0,11.21789,16.71789,3.80561,155.13353,154.97432,199.67188,199.67035,178.52449,229.77831,229.77654,0.32038,30.40608,1.00001,0.07282,0.00252,3.54885,-0.06534,174.69064,0.03281,-0.39273,3.58065,-0.66722,174.58401,174.16777,-0.41624,174.75453,26.49711,82.62735,16342.08496,16053.50684,285.20874,16342.07031,26.5,83,0.11765
90.47278,1504.72485,15.37557,0,11.21792,16.71792,3.80565,155.15518,154.99442,199.69785,199.69623,178.54941,229.8082,229.80632,0.32042,26.88861,0.99867,0.07269,0.00916,3.54141,0.07521,174.6873,0.03556,-0.34701,3.57752,-0.52765,174.72992,174.31371,-0.41622,174.65872,26.49699,82.62737,16342.11035,16053.59863,285.14453,16342.09668,26.5,83,0.11765
90.56802,1504.84875,15.49952,0,11.21796,16.71796,3.80568,155.17532,155.01312,199.72205,199.7205,178.57259,229.83604,229.83426,0.32046,24.21017,0.99775,0.07263,0.01258,3.53674,0.15834,174.68991,0.03728,-0.28958,3.57464,-0.23578,174.83369,174.4175,-0.4162,174.62015,26.49688,82.62737,16342.13672,16053.68359,285.08502,16342.12207,26.5,83,0.11765
90.69369,1505.00525,15.65604,0,11.218,16.718,3.80572,155.20073,155.0368,199.75267,199.75105,178.60182,229.87129,229.86942,0.32051,21.55008,0.99737,0.07261,0.01351,3.53397,0.19381,174.7009,0.03884,-0.21049,3.57193,0.25219,174.91026,174.49408,-0.41618,174.63976,26.49673,82.62739,16342.16992,16053.79199,285.00992,16342.15625,26.5,83,0.11765
90.81888,1505.15369,15.80445,0,11.21804,16.71804,3.80576,155.22452,155.0593,199.78175,199.78014,178.6292,229.90475,229.90288,0.32055,19.65747,0.99747,0.07264,0.01143,3.53325,0.1643,174.71779,0.04012,-0.14265,3.57099,0.72899,174.927,174.51085,-0.41616,174.71596,26.4966,82.6274,16342.20312,16053.89648,284.9389,16342.18945,26.5,83,0.11765
90.94986,1505.3136,15.96432,0,11.21809,16.71809,3.80581,155.25012,155.0836,199.81319,199.81163,178.65866,229.94092,229.93913,0.3206,18.15799,0.99782,0.07268,0.00701,3.53326,0.08318,174.74007,0.04157,-0.08861,3.57245,1.15365,174.89432,174.47818,-0.41614,174.83478,26.49645,82.62742,16342.24023,16054.00977,284.86246,16342.22656,26.5,83,0.11765
91.06253,1505.4541,16.10482,0,11.21813,16.71813,3.80585,155.27263,155.10495,199.84082,199.83926,178.68456,229.97272,229.97093,0.32065,17.21568,0.99825,0.07273,0.00239,3.53355,-0.00856,174.76064,0.0431,-0.06207,3.57581,1.39408,174.838,174.42189,-0.41611,174.94862,26.49632,82.62743,16342.27441,16054.11133,284.79544,16342.26074,26.5,83,0.11765
91.19685,1505.61414,16.26482,0,11.21817,16.71817,3.80589,155.29811,155.12924,199.87225,199.87065,178.71388,230.0089,230.00705,0.3207,16.49277,0.99889,0.0728,-0.00254,3.53415,-0.11152,174.78262,0.04532,-0.0559,3.58118,1.49484,174.76328,174.34718,-0.41609,175.06532,26.49617,82.62745,16342.31445,16054.22754,284.71921,16342.30078,26.5,83,0.11765
91.29041,1505.73584,16.3866,0,11.2182,16.7182,3.80593,155.31752,155.14771,199.89615,199.89467,178.73622,230.03639,230.03468,0.32074,16.15526,0.99936,0.07286,-0.00547,3.53466,-0.17563,174.79712,0.04746,-0.06495,3.58543,1.45574,174.7113,174.29523,-0.41607,175.13409,26.49606,82.62746,16342.34766,16054.31738,284.66132,16342.33301,26.5,83,0.11765
91.44993,1505.93359,16.58437,0,11.21826,16.71826,3.80598,155.34879,155.17755,199.93477,199.92989,178.7722,230.08083,230.07521,0.3208,15.95144,0.99987,0.07294,-0.00795,3.53498,-0.23746,174.81541,0.05162,-0.09521,3.59091,1.23888,174.65439,174.23834,-0.41604,175.19728,26.49587,82.62748,16342.40332,16054.46777,284.56744,16342.38965,26.5,83,0.11765
91.54292,1506.02661,16.67735,0,11.21828,16.71828,3.80601,155.36302,155.1915,199.95284,199.95114,178.78857,230.10164,230.09967,0.32083,15.98448,1.00002,0.07296,-0.0083,3.53472,-0.24742,174.82167,0.05379,-0.11218,3.5926,1.10175,174.64223,174.2262,-0.41603,175.20505,26.49579,82.62749,16342.43164,16054.54004,284.52338,16342.41797,26.5,83,0.11765
91.65178,1506.16052,16.81125,0,11.21832,16.71832,3.80604,155.38373,155.21156,199.97884,199.97736,178.81241,230.13155,230.12984,0.32087,16.1747,1.00001,0.07296,-0.00769,3.53378,-0.24076,174.82867,0.05697,-0.13509,3.59408,0.89551,174.64314,174.22713,-0.41601,175.19756,26.49566,82.62749,16342.47461,16054.64551,284.46002,16342.45996,26.5,83,0.11765
91.80878,1506.34802,16.99878,0,11.21837,16.71837,3.8061,155.4127,155.23955,200.01509,200.01334,178.84575,230.17326,230.17125,0.32093,16.6887,0.99981,0.07295,-0.00549,3.53185,-0.20093,174.83574,0.06133,-0.15821,3.59522,0.64726,174.6747,174.25871,-0.41598,175.16106,26.49549,82.62752,16342.53809,16054.79785,284.37143,16342.52441,26.5,83,0.11765
91.9346,1506.49866,17.14945,0,11.21842,16.71842,3.80614,155.43588,155.26193,200.04414,200.04247,178.87242,230.2067,230.20476,0.32098,17.27258,0.99974,0.07295,-0.00318,3.53059,-0.1559,174.84056,0.06469,-0.16557,3.59654,0.51755,174.71654,174.30057,-0.41596,175.1232,26.49535,82.62753,16342.59375,16054.9248,284.30038,16342.5791,26.5,83,0.11765
92.06205,1506.65234,17.30308,0,11.21846,16.71846,3.80618,155.45952,155.28473,200.07368,200.07196,178.89963,230.24069,230.23871,0.32102,17.9985,0.99995,0.07297,-0.00097,3.5302,-0.10989,174.84599,0.06815,-0.16282,3.59913,0.46335,174.76463,174.34869,-0.41594,175.08876,26.49521,82.62754,16342.65234,16055.05566,284.22803,16342.63867,26.5,83,0.11765
92.17337,1506.79004,17.44076,0,11.2185,16.7185,3.80622,155.48076,155.30504,200.10002,200.09837,178.92407,230.271,230.2691,0.32106,18.74216,1.00035,0.07301,0.00058,3.53079,-0.07608,174.85197,0.07148,-0.1532,3.60278,0.47738,174.8053,174.38937,-0.41592,175.06796,26.49508,82.62756,16342.70801,16055.17578,284.16333,16342.69434,26.5,83,0.11765
92.29426,1506.94116,17.5919,0,11.21854,16.71854,3.80626,155.50424,155.32722,200.12881,200.12714,178.9511,230.30414,230.3022,0.32111,19.6484,1.00103,0.07308,0.00159,3.53231,-0.05218,174.86015,0.07556,-0.13773,3.60821,0.54439,174.84152,174.42563,-0.4159,175.05968,26.49494,82.62757,16342.77246,16055.31055,284.09241,16342.75879,26.5,83,0.11765
92.40423,1507.07642,17.7271,0,11.21858,16.71858,3.8063,155.52499,155.34691,200.1544,200.15269,178.97498,230.33359,230.33162,0.32115,20.5292,1.00173,0.07315,0.00184,3.53403,-0.04384,174.86894,0.07972,-0.12221,3.61402,0.6302,174.86395,174.44807,-0.41588,175.06566,26.49482,82.62758,16342.83301,16055.43555,284.02905,16342.81934,26.5,83,0.11765
92.51278,1507.20972,17.86046,0,11.21861,16.71861,3.80634,155.54538,155.36615,200.1794,200.17773,178.99843,230.36234,230.36043,0.32119,21.4716,1.00242,0.07322,0.00156,3.53568,-0.04686,174.87872,0.08432,-0.10777,3.6203,0.72074,174.87631,174.46045,-0.41586,175.08189,26.49469,82.62759,16342.89648,16055.5625,283.96667,16342.88281,26.5,83,0.11765
92.62324,1507.34473,17.9955,0,11.21865,16.71865,3.80637,155.56584,155.38541,200.20445,200.20274,179.02197,230.39117,230.38921,0.32123,22.50969,1.00302,0.07328,0.00088,3.53697,-0.05879,174.8894,0.08944,-0.09578,3.62689,0.80283,174.88016,174.46432,-0.41584,175.10561,26.49457,82.62761,16342.96484,16055.69336,283.90359,16342.95117,26.5,83,0.11765
92.72026,1507.47119,18.12193,0,11.21869,16.71869,3.80641,155.58496,155.40331,200.22772,200.22598,179.04398,230.41795,230.41595,0.32127,23.57292,1.00345,0.07332,0.00003,3.53766,-0.07503,174.89973,0.09459,-0.08783,3.63298,0.86048,174.87779,174.46198,-0.41582,175.13104,26.49445,82.62762,16343.0332,16055.82031,283.8446,16343.01855,26.5,83,0.11765
92.85103,1507.63,18.28071,0,11.21873,16.71873,3.80645,155.6088,155.4256,200.2567,200.25218,179.07141,230.45131,230.44611,0.32132,25.03849,1.00381,0.07336,-0.001,3.53773,-0.09752,174.91261,0.10141,-0.08283,3.64023,0.89884,174.87056,174.45476,-0.4158,175.1628,26.49431,82.62763,16343.12402,16055.98535,283.77069,16343.10938,26.5,83,0.11765
92.91599,1507.69495,18.34567,0,11.21875,16.71875,3.80647,155.61821,155.43456,200.2684,200.26666,179.08224,230.46477,230.46277,0.32134,25.66141,1.0039,0.07336,-0.0015,3.53751,-0.10629,174.91774,0.10428,-0.08248,3.64303,0.90396,174.86723,174.45145,-0.41579,175.17455,26.49425,82.62764,16343.16309,16056.05371,283.74048,16343.14844,26.5,83,0.11765
93.05338,1507.86267,18.51336,0,11.21879,16.7188,3.80652,155.64291,155.4576,200.29845,200.29671,179.11067,230.49934,230.49734,0.32138,27.42199,1.00396,0.07337,-0.00235,3.53643,-0.12485,174.93034,0.11177,-0.08443,3.64971,0.88887,174.86035,174.44458,-0.41576,175.19974,26.49409,82.62766,16343.26855,16056.23633,283.66263,16343.25488,26.5,83,0.11765
93.19128,1508.02808,18.67881,0,11.21884,16.71884,3.80656,155.66704,155.48007,200.32777,200.32602,179.13843,230.5331,230.53107,0.32143,29.31355,1.00389,0.07336,-0.00278,3.53496,-0.13531,174.94176,0.11916,-0.08929,3.65573,0.84577,174.85861,174.44287,-0.41574,175.21562,26.49394,82.62767,16343.38086,16056.42578,283.58594,16343.36621,26.5,83,0.11765
93.29962,1508.1615,18.81224,0,11.21888,16.71888,3.8066,155.68634,155.49799,200.35117,200.34933,179.16064,230.56001,230.55791,0.32147,30.93658,1.00383,0.07335,-0.00282,3.53376,-0.13759,174.95023,0.12507,-0.09389,3.66041,0.80092,174.86201,174.44629,-0.41572,175.22202,26.49381,82.62768,16343.47559,16056.58301,283.5242,16343.46191,26.5,83,0.11765
93.41039,1508.29846,18.94922,0,11.21892,16.71892,3.80664,155.70607,155.51619,200.37495,200.37315,179.18335,230.58739,230.58531,0.32151,32.6867,1.0038,0.07334,-0.00262,3.53272,-0.13479,174.95839,0.13112,-0.09811,3.6653,0.75432,174.87007,174.45438,-0.4157,175.22382,26.49369,82.62769,16343.57812,16056.74902,283.46091,16343.56445,26.5,83,0.11765
93.55259,1508.46973,19.12041,0,11.21896,16.71896,3.80669,155.73061,155.53868,200.4044,200.40237,179.21159,230.62128,230.61894,0.32155,34.98534,1.00388,0.07334,-0.00215,3.53188,-0.12615,174.96808,0.13869,-0.10155,3.67185,0.70591,174.88542,174.46974,-0.41568,175.22192,26.49353,82.62771,16343.71387,16056.96289,283.38196,16343.7002,26.5,83,0.11765
93.67883,1508.61987,19.27059,0,11.21901,16.71901,3.80673,155.75183,155.55807,200.42978,200.42786,179.23601,230.65048,230.64827,0.3216,37.058,1.00408,0.07336,-0.00166,3.53165,-0.11645,174.97644,0.14545,-0.10227,3.67823,0.6784,174.90179,174.48615,-0.41565,175.21907,26.49339,82.62772,16343.83887,16057.1582,283.31284,16343.8252,26.5,83,0.11765
93.81528,1508.78613,19.43687,0,11.21905,16.71905,3.80677,155.77524,155.5793,200.45761,200.45555,179.26295,230.68251,230.68013,0.32164,39.44329,1.00445,0.07339,-0.00117,3.53185,-0.10614,174.98581,0.15321,-0.10078,3.68605,0.66673,174.92075,174.50511,-0.41563,175.21727,26.49323,82.62774,16343.98438,16057.37891,283.23645,16343.9707,26.5,83,0.11765
93.91022,1508.90735,19.55807,0,11.21908,16.71909,3.80681,155.79208,155.59454,200.47763,200.47556,179.28233,230.70555,230.70316,0.32167,41.22099,1.00474,0.07341,-0.0009,3.53221,-0.10019,174.99286,0.15906,-0.09842,3.6922,0.6692,174.9339,174.51828,-0.41561,175.21797,26.49312,82.62775,16344.0957,16057.5459,283.18085,16344.08105,26.5,83,0.11765
93.98681,1508.98889,19.63967,0,11.21911,16.71911,3.80683,155.80333,155.60472,200.49095,200.48608,179.29527,230.72087,230.71527,0.32169,42.4391,1.00491,0.07343,-0.0008,3.53251,-0.09726,174.9977,0.16312,-0.09643,3.69654,0.67496,174.94203,174.52643,-0.4156,175.21964,26.49305,82.62775,16344.17285,16057.66113,283.14346,16344.1582,26.5,83,0.11765
94.06344,1509.09021,19.74091,0,11.21914,16.71914,3.80686,155.81723,155.61723,200.50739,200.50249,179.31128,230.73978,230.73415,0.32172,43.97771,1.00518,0.07345,-0.0007,3.53292,-0.09497,175.00386,0.16829,-0.09375,3.70209,0.68535,174.95113,174.53554,-0.41559,175.22305,26.49295,82.62776,16344.27148,16057.4541,283.44885,16344.25684,26.5,83,0.11765
94.14397,1509.17188,19.82266,0,11.21916,16.71916,3.80688,155.82816,155.62714,200.52048,200.51828,179.32384,230.75485,230.75232,0.32174,45.21099,1.00544,0.07347,-0.00067,3.53323,-0.09415,175.00894,0.17258,-0.09154,3.70669,0.69518,174.95764,174.54207,-0.41557,175.22696,26.49288,82.62777,16344.35254,16057.0957,283.8895,16344.33887,26.5,83,0.11765
94.25809,1509.31531,19.9661,0,11.2192,16.7192,3.80692,155.84747,155.64436,200.54317,200.54092,179.34607,230.78096,230.77838,0.32178,47.47145,1.0058,0.0735,-0.00074,3.53373,-0.09492,175.01804,0.18031,-0.08791,3.71494,0.71321,174.96709,174.55153,-0.41555,175.2355,26.49274,82.62778,16344.50195,16056.4707,284.66287,16344.4873,26.5,83,0.11765
94.36637,1509.44714,20.09794,0,11.21924,16.71923,3.80696,155.86493,155.65997,200.56372,200.56139,179.36617,230.80461,230.80193,0.32181,49.59856,1.00609,0.07352,-0.00089,3.53402,-0.09749,175.0265,0.18766,-0.08518,3.72263,0.72761,174.97389,174.55836,-0.41553,175.24487,26.49262,82.6278,16344.64453,16055.90234,285.37387,16344.62988,26.5,83,0.11765
94.49224,1509.60339,20.25407,0,11.21928,16.71928,3.807,155.88541,155.67807,200.58763,200.58493,179.38972,230.83212,230.82903,0.32185,52.20754,1.00637,0.07355,-0.00111,3.53415,-0.10185,175.03661,0.1966,-0.08293,3.73176,0.7388,174.9803,174.56479,-0.41551,175.25674,26.49248,82.62781,16344.82031,16055.23535,286.21625,16344.80664,26.5,83,0.11765
94.59798,1509.68872,20.33946,0,11.2193,16.7193,3.80702,155.89647,155.68782,200.60046,200.5955,179.40247,230.84691,230.84119,0.32187,53.66975,1.00652,0.07356,-0.00122,3.5341,-0.10444,175.0421,0.20159,-0.08221,3.73674,0.74165,174.98338,174.56789,-0.4155,175.26317,26.4924,82.62782,16344.9209,16054.875,286.67697,16344.90625,26.5,83,0.11765
94.66473,1509.80359,20.45427,0,11.21933,16.71933,3.80706,155.91116,155.70067,200.61754,200.61505,179.41937,230.86655,230.86368,0.3219,55.67076,1.00666,0.07356,-0.0014,3.53389,-0.10774,175.04941,0.20839,-0.08175,3.74338,0.74179,174.98738,174.5719,-0.41548,175.27142,26.49229,82.62783,16345.05859,16054.39258,287.29669,16345.04492,26.5,83,0.11765
94.77539,1509.93982,20.59055,0,11.21937,16.71937,3.80709,155.92827,155.71574,200.63751,200.63493,179.43906,230.88954,230.88657,0.32193,58.10653,1.00677,0.07357,-0.00155,3.53351,-0.111,175.05794,0.21656,-0.08186,3.7512,0.73688,174.99236,174.57689,-0.41546,175.28026,26.49217,82.62784,16345.22949,16053.82715,288.03241,16345.21484,26.5,83,0.11765
94.88359,1510.0719,20.72258,0,11.21941,16.71941,3.80713,155.9446,155.73004,200.65651,200.65388,179.45784,230.91141,230.90837,0.32196,60.52776,1.00686,0.07357,-0.00164,3.53308,-0.11307,175.06604,0.22454,-0.08241,3.75877,0.72803,174.99783,174.5824,-0.41544,175.28755,26.49204,82.62785,16345.40039,16053.28613,288.74551,16345.38672,26.5,83,0.11765
94.97461,1510.18713,20.83782,0,11.21944,16.71944,3.80716,155.95874,155.74232,200.67284,200.6701,179.47412,230.93019,230.92705,0.32199,62.69587,1.00693,0.07358,-0.00167,3.53271,-0.11391,175.07297,0.23155,-0.08307,3.76541,0.71827,175.00333,174.58791,-0.41543,175.29294,26.49194,82.62786,16345.55566,16052.81836,289.36798,16345.54102,26.5,83,0.11765
95.08817,1510.3313,20.98208,0,11.21948,16.71948,3.8072,155.97618,155.75737,200.69289,200.69003,179.49419,230.95326,230.94997,0.32202,65.47244,1.00703,0.07358,-0.00165,3.53232,-0.11378,175.08148,0.2404,-0.08389,3.77386,0.70517,175.01115,174.59575,-0.4154,175.29849,26.4918,82.62788,16345.75586,16052.24023,290.14749,16345.74219,26.5,83,0.11765
95.2077,1510.4812,21.13199,0,11.21952,16.71952,3.80724,155.99402,155.7726,200.71326,200.71027,179.51471,230.9767,230.97325,0.32205,68.42516,1.00717,0.07359,-0.00158,3.53205,-0.11256,175.09018,0.2497,-0.0845,3.78285,0.69248,175.02028,174.60489,-0.41538,175.30331,26.49166,82.62789,16345.97266,16051.64551,290.95776,16345.95801,26.5,83,0.11765
95.29914,1510.54871,21.19942,0,11.21954,16.71954,3.80726,156.00197,155.77939,200.72226,200.71698,179.52386,230.98706,230.98099,0.32207,69.77866,1.00723,0.0736,-0.00154,3.53199,-0.11176,175.09406,0.25392,-0.08466,3.78699,0.68754,175.02467,174.6093,-0.41537,175.30527,26.4916,82.6279,16346.07227,16051.38086,291.32233,16346.05859,26.5,83,0.11765
95.36356,1510.66614,21.31693,0,11.21957,16.71957,3.8073,156.01555,155.79094,200.73776,200.73468,179.53949,231.00491,231.00136,0.32209,72.14883,1.00739,0.0736,-0.00145,3.53193,-0.11015,175.1008,0.26135,-0.08472,3.79434,0.6804,175.03256,174.6172,-0.41536,175.30858,26.49149,82.62791,16346.25098,16050.9248,291.95779,16346.2373,26.5,83,0.11765
95.47226,1510.80078,21.45151,0,11.21961,16.71961,3.80733,156.03085,155.80392,200.7552,200.75197,179.5571,231.02498,231.02124,0.32212,74.90176,1.0076,0.07362,-0.00136,3.53192,-0.10827,175.10847,0.26999,-0.08445,3.80294,0.6748,175.04178,174.62643,-0.41534,175.31244,26.49137,82.62791,16346.46191,16050.40723,292.6857,16346.44727,26.5,83,0.11765
95.58249,1510.93835,21.58911,0,11.21965,16.71965,3.80737,156.04622,155.81683,200.77257,200.76929,179.57478,231.04497,231.04118,0.32215,77.76627,1.00778,0.07363,-0.00129,3.53194,-0.10661,175.11635,0.27897,-0.08387,3.81191,0.6718,175.05113,174.63582,-0.41532,175.31673,26.49124,82.62793,16346.68457,16049.88477,293.43008,16346.66992,26.5,83,0.11765
95.69205,1511.07263,21.72333,0,11.21969,16.71969,3.80741,156.0609,155.8291,200.78915,200.78566,179.59167,231.06404,231.06001,0.32218,80.60196,1.00796,0.07364,-0.00123,3.532,-0.10545,175.12404,0.28785,-0.08308,3.82084,0.67105,175.05994,174.64464,-0.4153,175.32143,26.49112,82.62794,16346.9082,16049.38379,294.15649,16346.89453,26.5,83,0.11765
95.81812,1511.22864,21.87938,0,11.21973,16.71973,3.80745,156.0777,155.84297,200.80792,200.80434,179.61101,231.08563,231.08151,0.32221,83.97195,1.00817,0.07366,-0.00121,3.53209,-0.10476,175.13303,0.29835,-0.08206,3.83142,0.67194,175.06967,174.6544,-0.41527,175.32758,26.49097,82.62795,16347.17871,16048.80859,295.00125,16347.16406,26.5,83,0.11765
95.94777,1511.38989,22.04063,0,11.21978,16.71977,3.8075,156.0946,155.85686,200.82677,200.823,179.63046,231.10733,231.10298,0.32224,87.51497,1.00838,0.07368,-0.00122,3.53217,-0.10482,175.14232,0.30938,-0.08103,3.84254,0.67351,175.07901,174.66376,-0.41525,175.33461,26.49082,82.62797,16347.46777,16048.22363,295.87442,16347.45312,26.5,83,0.11765
96.05801,1511.52734,22.17809,0,11.21981,16.71981,3.80754,156.10861,155.86832,200.84236,200.83838,179.64659,231.12527,231.12068,0.32226,90.57143,1.00855,0.07369,-0.00125,3.53221,-0.10532,175.15025,0.31893,-0.08029,3.85214,0.67444,175.08649,174.67125,-0.41523,175.34096,26.49069,82.62798,16347.72266,16047.7334,296.61896,16347.70801,26.5,83,0.11765
