_real_time,_totl_time,missn_time,timer_time,_zulu_time,local_time,hobbs_time,_Vind_kias,_Vind_keas,Vtrue_ktas,Vtrue_ktgs,_Vind__mph,Vtruemphas,Vtruemphgs,_Machratio,__VVI__fpm,Gloadnorml,Gloadaxial,Gload_side,alpha__deg,_beta__deg,hpath_true,vpath__deg,_slip__deg,pitch__deg,_roll__deg,hding_true,hding__mag,mavar__deg,__mag_comp,__lat__deg,__lon__deg,___CGftMSL,_gearftagl,terrnftMSL,p-altftMSL,__latorign,__lonorign,thro1engin
330.60342,1135.83167,53.30564,0,11.11548,16.61548,3.34883,179.91611,171.92357,386.17303,386.16653,207.04376,444.40002,444.39252,0.67328,212.33618,0.99518,0.04329,-0.00135,2.09718,-0.09885,185.99025,0.31377,-0.07772,2.41144,0.29723,185.90227,185.46864,-0.43362,186.05072,26.44999,82.35583,44604.8125,44298.30469,305.12488,44604.81641,26.5,83,1
330.69217,1135.95398,53.42798,0,11.11551,16.61551,3.34887,179.916,171.92297,386.1763,386.17023,207.04364,444.40378,444.39679,0.67329,212.55893,0.99518,0.04329,-0.00135,2.09718,-0.09884,185.99155,0.31411,-0.07772,2.41178,0.29551,185.90352,185.46992,-0.43359,186.05054,26.44977,82.35581,44605.24609,44298.73828,305.12512,44605.25,26.5,83,1
330.80795,1136.09875,53.57281,0,11.11555,16.61555,3.34891,179.91583,171.9225,386.18002,386.17401,207.04344,444.40805,444.40112,0.67329,212.82706,0.99519,0.04328,-0.00135,2.09722,-0.09883,185.99307,0.31452,-0.07771,2.41222,0.2935,185.90498,185.47142,-0.43356,186.05032,26.44951,82.35578,44605.76172,44299.03516,305.34335,44605.76562,26.5,83,1
330.92612,1136.24646,53.72041,0,11.11559,16.61559,3.34895,179.91566,171.92201,386.18384,386.17783,207.04326,444.41245,444.40552,0.6733,213.10252,0.99521,0.04328,-0.00135,2.09729,-0.09881,185.99461,0.31494,-0.07771,2.4127,0.29147,185.90646,185.47295,-0.43352,186.05011,26.44925,82.35575,44606.28516,44297.83203,307.06888,44606.28906,26.5,83,1
331.05518,1136.39868,53.8727,0,11.11564,16.61564,3.34899,179.91545,171.92151,386.18771,386.18164,207.04301,444.4169,444.40991,0.67331,213.38774,0.99527,0.04328,-0.00135,2.09735,-0.09881,185.99619,0.3154,-0.07769,2.41322,0.28933,185.90797,185.47449,-0.43348,186.0499,26.44898,82.35572,44606.82812,44296.59375,308.84952,44606.83203,26.5,83,1
331.18991,1136.56213,54.03609,0,11.11568,16.61568,3.34904,179.91519,171.92096,386.19186,386.18579,207.04271,444.42169,444.41467,0.67331,213.69865,0.99527,0.04327,-0.00135,2.09734,-0.09879,185.99785,0.31589,-0.07768,2.41371,0.28685,185.90956,185.47612,-0.43344,186.04965,26.44869,82.35569,44607.41016,44295.26562,310.76062,44607.41406,26.5,83,1
331.30466,1136.70264,54.1766,0,11.11572,16.61572,3.34908,179.91499,171.92047,386.1955,386.18933,207.04248,444.42587,444.41876,0.67332,213.96971,0.99525,0.04326,-0.00135,2.09731,-0.09881,185.99927,0.31632,-0.07767,2.4141,0.28469,185.91087,185.47746,-0.43341,186.04944,26.44844,82.35566,44607.91016,44294.125,312.40445,44607.91406,26.5,83,1
331.41574,1136.83752,54.3115,0,11.11576,16.61576,3.34911,179.91475,171.91998,386.19888,386.19278,207.04221,444.42975,444.42273,0.67333,214.23245,0.99524,0.04326,-0.00135,2.09729,-0.09881,186.00063,0.31672,-0.07766,2.41447,0.28259,185.91216,185.47878,-0.43338,186.04919,26.4482,82.35563,44608.39453,44293.02734,313.98306,44608.39844,26.5,83,1
331.52795,1136.97485,54.44884,0,11.1158,16.6158,3.34915,179.91451,171.91949,386.20233,386.1962,207.04192,444.43375,444.42667,0.67333,214.50272,0.99523,0.04325,-0.00135,2.09728,-0.09881,186.00198,0.31713,-0.07765,2.41487,0.28042,185.91344,185.4801,-0.43334,186.04895,26.44795,82.3556,44608.88672,44291.91406,315.59058,44608.89062,26.5,83,1
331.64926,1137.12549,54.59953,0,11.11584,16.61584,3.34919,179.91425,171.91887,386.20596,386.19989,207.04163,444.4379,444.43091,0.67334,214.80264,0.99524,0.04325,-0.00135,2.09732,-0.09883,186.00345,0.31757,-0.07765,2.41534,0.27801,185.91479,185.48149,-0.4333,186.04868,26.44769,82.35557,44609.42578,44290.6875,317.35474,44609.42969,26.5,83,1
331.78134,1137.28479,54.75879,0,11.11588,16.61588,3.34924,179.91391,171.91826,386.20993,386.20377,207.04123,444.44247,444.43536,0.67334,215.11972,0.99526,0.04325,-0.00135,2.09739,-0.09882,186.005,0.31805,-0.07765,2.41589,0.27541,185.91626,185.483,-0.43326,186.04831,26.4474,82.35554,44609.99609,44290.00781,318.60846,44610,26.5,83,1
331.8967,1137.42786,54.90183,0,11.11592,16.61592,3.34928,179.91359,171.91763,386.21332,386.20721,207.04086,444.44638,444.43933,0.67335,215.40721,0.99531,0.04324,-0.00135,2.09742,-0.09882,186.00636,0.3185,-0.07765,2.41637,0.27323,185.91754,185.48431,-0.43323,186.04797,26.44715,82.35551,44610.51172,44292.69922,316.4303,44610.51562,26.5,83,1
332.02014,1137.57935,55.05329,0,11.11596,16.61596,3.34932,179.91324,171.91701,386.21698,386.21078,207.04047,444.45056,444.44345,0.67336,215.71402,0.9953,0.04324,-0.00135,2.0974,-0.09883,186.00778,0.31898,-0.07765,2.41682,0.27105,185.91888,185.48569,-0.43319,186.04753,26.44688,82.35548,44611.05859,44295.55078,314.12405,44611.0625,26.5,83,1
332.10425,1137.66284,55.13685,0,11.11599,16.61599,3.34934,179.91302,171.91692,386.21902,386.2124,207.04022,444.45291,444.44531,0.67336,215.88486,0.99529,0.04324,-0.00135,2.09738,-0.09881,186.00858,0.31924,-0.07765,2.41706,0.26985,185.91963,185.48647,-0.43317,186.0473,26.44673,82.35546,44611.35938,44297.12891,312.85162,44611.36328,26.5,83,1
332.18652,1137.77502,55.24903,0,11.11602,16.61602,3.34937,179.91269,171.91611,386.22159,386.21542,207.03983,444.4559,444.44879,0.67337,216.11351,0.99528,0.04323,-0.00135,2.09735,-0.0988,186.00961,0.31959,-0.07765,2.41738,0.26827,185.92062,185.48749,-0.43314,186.04701,26.44653,82.35543,44611.76172,44299.23828,311.14392,44611.76562,26.5,83,1
332.33548,1137.95435,55.42838,0,11.11607,16.61607,3.34942,179.91226,171.91536,386.22583,386.21964,207.03934,444.46078,444.45364,0.67337,216.48459,0.99527,0.04322,-0.00135,2.09734,-0.09878,186.01126,0.32014,-0.07765,2.41791,0.26578,185.9222,185.48909,-0.4331,186.04651,26.44621,82.3554,44612.41016,44302.62109,308.41406,44612.41406,26.5,83,1
332.45093,1138.09814,55.57209,0,11.11611,16.61611,3.34946,179.91188,171.91472,386.22928,386.22296,207.03889,444.46472,444.45746,0.67338,216.78481,0.99527,0.04322,-0.00135,2.09737,-0.09879,186.01256,0.32057,-0.07764,2.41838,0.26382,185.92343,185.49037,-0.43306,186.04616,26.44596,82.35537,44612.93359,44303.42969,308.12286,44612.93359,26.5,83,1
332.56622,1138.2312,55.70524,0,11.11615,16.61615,3.3495,179.91153,171.914,386.23218,386.22595,207.0385,444.46808,444.46091,0.67338,217.06123,0.99528,0.04322,-0.00134,2.09742,-0.09877,186.01375,0.32098,-0.07763,2.41884,0.26203,185.92458,185.49155,-0.43303,186.04585,26.44572,82.35534,44613.41406,44302.75,309.28595,44613.41797,26.5,83,1
332.68103,1138.3728,55.84686,0,11.11619,16.61619,3.34954,179.91112,171.91325,386.23529,386.229,207.03802,444.47168,444.46442,0.67339,217.3569,0.99535,0.04322,-0.00135,2.09749,-0.09878,186.01503,0.32143,-0.07762,2.41935,0.26011,185.92577,185.49277,-0.433,186.04552,26.44547,82.35531,44613.92969,44302.02734,310.52335,44613.93359,26.5,83,1
332.79471,1138.51318,55.98716,0,11.11622,16.61622,3.34958,179.91072,171.91252,386.23834,386.23206,207.03757,444.47519,444.46793,0.67339,217.65103,0.99534,0.04321,-0.00135,2.09749,-0.09878,186.01625,0.32189,-0.07761,2.41981,0.25801,185.92693,185.49397,-0.43296,186.04512,26.44522,82.35528,44614.4375,44301.30859,311.74973,44614.44141,26.5,83,1
332.92905,1138.67603,56.15001,0,11.11627,16.61627,3.34962,179.91013,171.9117,386.242,386.23569,207.03688,444.47937,444.47211,0.6734,217.99457,0.99532,0.04321,-0.00135,2.09745,-0.09876,186.01767,0.32241,-0.07759,2.42028,0.25547,185.92825,185.49533,-0.43292,186.04463,26.44493,82.35525,44615.03125,44300.48047,313.17361,44615.03516,26.5,83,1
333.04532,1138.81982,56.29389,0,11.11631,16.61631,3.34966,179.90964,171.91087,386.24512,386.23886,207.03632,444.48297,444.47577,0.67341,218.3009,0.99529,0.0432,-0.00135,2.0974,-0.09878,186.01891,0.32287,-0.07758,2.42069,0.2532,185.92938,185.49649,-0.43288,186.04416,26.44467,82.35522,44615.55469,44299.74609,314.4321,44615.55859,26.5,83,1
333.17755,1138.98059,56.45462,0,11.11635,16.61635,3.34971,179.90906,171.91003,386.24863,386.24231,207.03566,444.487,444.47974,0.67341,218.64543,0.99528,0.04319,-0.00135,2.09738,-0.0988,186.02026,0.32337,-0.07758,2.42116,0.2506,185.93063,185.49779,-0.43284,186.04359,26.44438,82.35519,44616.14062,44298.92578,315.83862,44616.14453,26.5,83,1
333.26086,1139.0929,56.56686,0,11.11639,16.61638,3.34974,179.90863,171.90962,386.25104,386.24438,207.03516,444.48978,444.48212,0.67342,218.88757,0.99528,0.04319,-0.00135,2.0974,-0.09881,186.02119,0.32371,-0.07758,2.42152,0.24876,185.93149,185.49867,-0.43282,186.04317,26.44419,82.35516,44616.55078,44298.42188,316.75314,44616.55469,26.5,83,1
333.35831,1139.1936,56.66758,0,11.11641,16.61641,3.34977,179.90826,171.90903,386.25308,386.24643,207.03474,444.49216,444.48447,0.67342,219.10289,0.99528,0.04319,-0.00135,2.09743,-0.09881,186.02203,0.32402,-0.07758,2.42186,0.24709,185.93225,185.49947,-0.43279,186.04279,26.44401,82.35514,44616.92188,44298.23828,317.30792,44616.92578,26.5,83,1
333.42352,1139.28125,56.75523,0,11.11644,16.61644,3.34979,179.90796,171.90825,386.25491,386.2486,207.03439,444.49423,444.48697,0.67342,219.28882,0.99529,0.04319,-0.00135,2.09747,-0.0988,186.02274,0.32429,-0.07758,2.42217,0.24563,185.93294,185.50017,-0.43277,186.04245,26.44385,82.35512,44617.24219,44298.07812,317.79095,44617.24609,26.5,83,1
333.55548,1139.44312,56.91707,0,11.11648,16.61648,3.34984,179.90733,171.90729,386.2583,386.25189,207.03368,444.49811,444.49075,0.67343,219.63654,0.99535,0.04319,-0.00135,2.09753,-0.09878,186.02405,0.32482,-0.07758,2.42274,0.24292,185.93416,185.50143,-0.43273,186.04175,26.44356,82.35509,44617.83594,44297.77734,318.68338,44617.83984,26.5,83,1
333.69046,1139.60596,57.07993,0,11.11653,16.61653,3.34988,179.90663,171.90631,386.2616,386.25516,207.03287,444.50195,444.49451,0.67343,219.9856,0.99533,0.04318,-0.00135,2.0975,-0.09878,186.02534,0.32535,-0.07757,2.42324,0.24023,185.93536,185.50267,-0.43269,186.04099,26.44327,82.35505,44618.43359,44297.47656,319.58191,44618.4375,26.5,83,1
333.80759,1139.75183,57.22586,0,11.11657,16.61657,3.34992,179.90601,171.9054,386.26456,386.25815,207.03214,444.50531,444.49796,0.67344,220.30067,0.99531,0.04317,-0.00134,2.09745,-0.09878,186.02649,0.32581,-0.07757,2.42366,0.23782,185.9364,185.50375,-0.43265,186.04025,26.44301,82.35502,44618.96875,44297.20703,320.3876,44618.97266,26.5,83,1
333.9306,1139.90381,57.37783,0,11.11661,16.61661,3.34997,179.90527,171.9044,386.26755,386.26114,207.0313,444.50876,444.5014,0.67345,220.6301,0.99528,0.04317,-0.00135,2.09741,-0.09876,186.02766,0.32629,-0.07756,2.42409,0.23534,185.93752,185.5049,-0.43262,186.03949,26.44274,82.35499,44619.53125,44297.10938,321.04825,44619.53516,26.5,83,1
334.0119,1140.00952,57.48347,0,11.11664,16.61664,3.34999,179.90475,171.90379,386.26968,386.26321,207.0307,444.51123,444.50378,0.67345,220.85953,0.99527,0.04317,-0.00135,2.0974,-0.09877,186.02847,0.32661,-0.07755,2.4244,0.23362,185.93823,185.50565,-0.43259,186.03897,26.44255,82.35497,44619.91797,44297.19531,321.35089,44619.92188,26.5,83,1
334.13464,1140.1416,57.61564,0,11.11668,16.61668,3.35003,179.9041,171.90297,386.27234,386.26587,207.02995,444.51428,444.50684,0.67345,221.14439,0.99527,0.04316,-0.00135,2.09742,-0.09875,186.02945,0.32701,-0.07754,2.42482,0.23148,185.93916,185.50661,-0.43256,186.03824,26.44232,82.35494,44620.40625,44297.30469,321.72968,44620.41016,26.5,83,1
334.25137,1140.28442,57.75839,0,11.11672,16.61672,3.35007,179.9034,171.90202,386.27509,386.26865,207.02914,444.51743,444.51004,0.67346,221.45224,0.99528,0.04316,-0.00134,2.09747,-0.09877,186.0305,0.32745,-0.07754,2.4253,0.22916,185.94012,185.5076,-0.43252,186.03748,26.44206,82.35491,44620.9375,44297.42188,322.13904,44620.9375,26.5,83,1
334.38559,1140.44568,57.91965,0,11.11676,16.61676,3.35012,179.90253,171.90102,386.27829,386.27179,207.02814,444.52112,444.51364,0.67346,221.7986,0.99534,0.04316,-0.00135,2.09753,-0.09876,186.03168,0.32796,-0.07753,2.42587,0.22658,185.94122,185.50874,-0.43248,186.03659,26.44178,82.35487,44621.53125,44297.55859,322.6022,44621.53516,26.5,83,1
334.54318,1140.63269,58.10666,0,11.11681,16.61681,3.35017,179.90154,171.89853,386.27908,386.2728,207.02699,444.52203,444.5148,0.67347,222.20064,0.99497,0.04176,-0.00495,2.09763,-0.1084,186.03302,0.32843,-0.08317,2.42699,0.53495,185.9442,185.51176,-0.43244,186.04419,26.44144,82.35484,44622.22656,44297.71484,323.14014,44622.23047,26.5,83,1
334.67142,1140.78918,58.26313,0,11.11686,16.61686,3.35021,179.90054,171.8954,386.27731,386.27109,207.02585,444.52002,444.51285,0.67346,222.53087,0.99511,0.0414,-0.00803,2.09829,-0.12271,186.03661,0.32877,-0.1044,2.42932,1.31556,185.9621,185.52969,-0.4324,186.10898,26.44117,82.3548,44622.80859,44297.84766,323.59088,44622.8125,26.5,83,1
334.76321,1140.90735,58.38132,0,11.11689,16.61689,3.35024,179.89963,171.89281,386.27502,386.26913,207.0248,444.51736,444.51059,0.67346,222.7748,0.99538,0.04117,-0.00923,2.09947,-0.12622,186.04306,0.32904,-0.12678,2.43172,2.10051,185.99385,185.56148,-0.43237,186.22057,26.44095,82.35478,44623.24609,44297.94141,323.93179,44623.25,26.5,83,1
334.83005,1140.97632,58.45031,0,11.11691,16.61691,3.35026,179.899,171.89087,386.27356,386.2674,207.02408,444.51569,444.50861,0.67346,222.91043,0.99579,0.0412,-0.00922,2.10041,-0.12439,186.04909,0.32922,-0.14063,2.43311,2.6028,186.02019,185.58783,-0.43235,186.3199,26.44083,82.35477,44623.50391,44298,324.13095,44623.50781,26.5,83,1
334.94653,1141.12012,58.59414,0,11.11695,16.61695,3.3503,179.89745,171.88724,386.27032,386.2641,207.02229,444.51196,444.50479,0.67345,223.19269,0.99673,0.04113,-0.00812,2.10318,-0.1097,186.06737,0.32961,-0.16648,2.43546,3.74693,186.09532,185.66301,-0.43232,186.60007,26.44058,82.35474,44624.03906,44297.73438,324.93335,44624.04297,26.5,83,1
335.08746,1141.29016,58.76421,0,11.117,16.61699,3.35035,179.89513,171.88269,386.2659,386.2597,207.01962,444.5069,444.49976,0.67344,223.51836,0.9981,0.04095,-0.0061,2.10725,-0.08334,186.10081,0.32994,-0.18737,2.43593,5.27768,186.21161,185.77934,-0.43227,187.07333,26.44027,82.3547,44624.67188,44296.59766,326.70499,44624.67578,26.5,83,1
335.22098,1141.44897,58.92298,0,11.11704,16.61704,3.35039,179.89247,171.87822,386.26129,386.25513,207.01657,444.50156,444.49448,0.67343,223.80759,0.99946,0.04104,-0.00451,2.11091,-0.06147,186.14519,0.32976,-0.19689,2.43281,6.89245,186.33743,185.9052,-0.43223,187.66075,26.43999,82.35467,44625.26562,44295.53125,328.36102,44625.26562,26.5,83,1
335.3363,1141.5918,59.0658,0,11.11708,16.61708,3.35043,179.88974,171.87419,386.25714,386.25101,207.01343,444.4968,444.48975,0.67343,224.03355,1.00025,0.04109,-0.00352,2.11312,-0.04917,186.1967,0.32872,-0.19945,2.42617,8.44461,186.45831,186.02611,-0.4322,188.3069,26.43974,82.35464,44625.79688,44294.57031,329.85352,44625.80078,26.5,83,1
335.46216,1141.7478,59.2218,0,11.11712,16.61712,3.35048,179.88632,171.86986,386.25269,386.24667,207.00949,444.49167,444.48474,0.67342,224.18333,1.00037,0.04111,-0.00334,2.11351,-0.04627,186.26578,0.32596,-0.19905,2.41431,10.19683,186.5943,186.16214,-0.43216,189.13109,26.43946,82.3546,44626.37109,44293.51953,331.48718,44626.375,26.5,83,1
335.54517,1141.86011,59.33416,0,11.11715,16.61715,3.35051,179.88364,171.86702,386.24963,386.24408,207.00639,444.48816,444.48175,0.67341,224.16458,1.00002,0.04109,-0.00365,2.11233,-0.05034,186.32368,0.32251,-0.19893,2.4027,11.47096,186.69434,186.26221,-0.43213,189.79288,26.43926,82.35458,44626.78516,44296.5,328.91342,44626.78516,26.5,83,1
335.6423,1141.96289,59.43684,0,11.11718,16.61718,3.35054,179.88113,171.86436,386.24698,386.24161,207.00352,444.48511,444.47891,0.67341,224.00316,0.99932,0.04106,-0.00421,2.11026,-0.0574,186.38261,0.31801,-0.20025,2.3898,12.63055,186.78795,186.35583,-0.43211,190.4437,26.43908,82.35455,44627.15625,44298.89453,326.89282,44627.15625,26.5,83,1
335.74121,1142.07837,59.55238,0,11.11721,16.61721,3.35057,179.87825,171.86133,386.24435,386.23889,207.0002,444.48209,444.4758,0.6734,223.58813,0.99813,0.04099,-0.00506,2.10721,-0.06711,186.45552,0.31118,-0.20384,2.3727,13.92093,186.89723,186.46515,-0.43208,191.21919,26.43887,82.35453,44627.56641,44301.56641,324.63046,44627.56641,26.5,83,1
335.83307,1142.17017,59.64423,0,11.11724,16.61724,3.3506,179.87596,171.85916,386.24249,386.23718,206.99757,444.47995,444.47382,0.6734,223.02682,0.99712,0.04094,-0.00569,2.10453,-0.07496,186.5184,0.30428,-0.20853,2.35712,14.93206,186.98814,186.55609,-0.43206,191.86609,26.43871,82.35451,44627.88281,44303.67578,322.83853,44627.88672,26.5,83,1
335.96545,1142.328,59.80205,0,11.11728,16.61728,3.35064,179.87199,171.85638,386.24115,386.23618,206.993,444.47839,444.47266,0.6734,221.37665,0.99582,0.04151,-0.00499,2.10047,-0.08116,186.63599,0.28943,-0.21646,2.32641,16.5127,187.15506,186.72304,-0.43202,193.0202,26.43843,82.35448,44628.41016,44307.29297,319.75003,44628.41406,26.5,83,1
336.09979,1142.49182,59.96587,0,11.11733,16.61733,3.35068,179.86807,171.85585,386.24466,386.24008,206.98849,444.48245,444.47717,0.67341,218.50964,0.99499,0.04269,-0.0001,2.09717,-0.06894,186.76981,0.27018,-0.21295,2.29049,17.5621,187.33675,186.90477,-0.43198,194.24283,26.43814,82.35444,44628.92578,44311.02734,316.5332,44628.92969,26.5,83,1
336.18231,1142.5741,60.04806,0,11.11735,16.61735,3.35071,179.86627,171.85622,386.24731,386.24243,206.98642,444.48547,444.47986,0.67341,216.5421,0.99453,0.04266,0.001,2.09561,-0.06239,186.84018,0.25932,-0.20336,2.27265,17.90979,187.42513,186.99316,-0.43196,194.84416,26.43799,82.35442,44629.17188,44312.89062,314.91412,44629.17578,26.5,83,1
336.25156,1142.67395,60.14793,0,11.11738,16.61738,3.35074,179.86423,171.85651,386.25101,386.24707,206.98407,444.48975,444.4852,0.67342,213.65686,0.99378,0.04261,0.00154,2.0938,-0.06046,186.92757,0.24533,-0.18968,2.2524,18.29203,187.52721,187.09528,-0.43193,195.55124,26.43781,82.35439,44629.45312,44315.14844,312.94238,44629.45703,26.5,83,1
336.3714,1142.8186,60.29265,0,11.11742,16.61742,3.35078,179.86174,171.85768,386.25714,386.25363,206.9812,444.4968,444.49277,0.67343,208.38531,0.99301,0.04256,0.00055,2.09155,-0.0711,187.05707,0.22381,-0.17143,2.22658,18.81831,187.66429,187.23239,-0.4319,196.52873,26.43756,82.35435,44629.83594,44318.39453,310.07629,44629.83984,26.5,83,1
336.45428,1142.90271,60.37669,0,11.11744,16.61744,3.3508,179.86053,171.85878,386.2612,386.25723,206.97981,444.50146,444.49689,0.67343,204.69464,0.99271,0.04254,-0.0003,2.09054,-0.08258,187.13354,0.21073,-0.16386,2.21325,19.10386,187.73956,187.30769,-0.43188,197.07045,26.43741,82.35434,44630.03906,44320.26562,308.40695,44630.04297,26.5,83,1
336.54153,1143.01685,60.49079,0,11.11748,16.61748,3.35083,179.85924,171.86031,386.2673,386.26459,206.97832,444.50848,444.50537,0.67344,199.04744,0.99234,0.04251,-0.00213,2.08954,-0.10088,187.23868,0.19241,-0.1584,2.19632,19.45741,187.83946,187.40761,-0.43185,197.7739,26.4372,82.35431,44630.29688,44320.42578,308.50421,44630.30078,26.5,83,1
336.65784,1143.1604,60.63443,0,11.11752,16.61752,3.35087,179.85812,171.86296,386.276,386.2738,206.97704,444.51849,444.51596,0.67346,190.71132,0.99223,0.04249,-0.00389,2.08907,-0.1221,187.37277,0.16865,-0.15879,2.17531,19.83411,187.96658,187.53477,-0.43181,198.60965,26.43695,82.35427,44630.58594,44320.5,308.71982,44630.58984,26.5,83,1
336.78555,1143.31738,60.79136,0,11.11756,16.61756,3.35091,179.8576,171.86667,386.2868,386.28494,206.97644,444.53091,444.52878,0.67348,180.18398,0.99241,0.04249,-0.00493,2.08936,-0.13636,187.52129,0.142,-0.16579,2.15035,20.1688,188.11353,187.68175,-0.43178,199.46112,26.43667,82.35423,44630.85547,44320.54688,308.94614,44630.85938,26.5,83,1
336.86978,1143.43079,60.90474,0,11.11759,16.61759,3.35095,179.85771,171.86992,386.29541,386.29263,206.97656,444.54086,444.53763,0.67349,171.67732,0.99268,0.04249,-0.00503,2.08993,-0.13904,187.62985,0.12237,-0.17261,2.13,20.37943,188.22714,187.79539,-0.43175,200.03998,26.43647,82.3542,44631.01953,44320.55469,309.10367,44631.02344,26.5,83,1
336.93817,1143.49915,60.97313,0,11.11761,16.61761,3.35096,179.85793,171.8719,386.30093,386.29947,206.97681,444.54721,444.5455,0.6735,166.39275,0.99287,0.04249,-0.00484,2.09028,-0.1381,187.69591,0.11037,-0.17642,2.11671,20.50191,188.29851,187.86678,-0.43173,200.37547,26.43635,82.35418,44631.10938,44320.55078,309.19647,44631.11328,26.5,83,1
337.07443,1143.6637,61.13776,0,11.11765,16.61765,3.35101,179.85909,171.87759,386.31531,386.31421,206.97815,444.56372,444.56247,0.67353,152.48328,0.99326,0.04249,-0.00391,2.0911,-0.12907,187.85675,0.08094,-0.18299,2.08164,20.8043,188.47865,188.04697,-0.43169,201.1507,26.43606,82.35414,44631.28125,44320.50781,309.41101,44631.28516,26.5,83,1
337.21307,1143.83118,61.30523,0,11.1177,16.6177,3.35106,179.86111,171.88434,386.33154,386.33054,206.98048,444.58243,444.58127,0.67356,137.10596,0.99356,0.04248,-0.00277,2.09164,-0.11637,188.02338,0.05006,-0.18423,2.04288,21.15062,188.66939,188.23773,-0.43165,201.90218,26.43576,82.3541,44631.39844,44320.41797,309.61841,44631.40234,26.5,83,1
337.33063,1143.97693,61.4509,0,11.11774,16.61774,3.3511,179.86371,171.89096,386.34705,386.34598,206.98346,444.60025,444.59903,0.67358,122.83279,0.99372,0.04247,-0.00203,2.09179,-0.10759,188.17097,0.02227,-0.18123,2.00812,21.49251,188.83711,188.40549,-0.43162,202.53503,26.4355,82.35405,44631.44922,44320.30078,309.78891,44631.45312,26.5,83,1
337.47,1144.1438,61.61777,0,11.11779,16.61779,3.35114,179.86746,171.89957,386.36636,386.36526,206.98779,444.6225,444.62122,0.67362,105.57104,0.9938,0.04244,-0.00174,2.09165,-0.10338,188.34325,-0.01076,-0.17534,1.96838,21.91992,189.02802,188.59644,-0.43158,203.2438,26.43521,82.354,44631.45312,44321.10156,308.99411,44631.45703,26.5,83,1
337.59869,1144.30078,61.77481,0,11.11783,16.61783,3.35119,179.87201,171.90865,386.38626,386.38501,206.99301,444.64542,444.64395,0.67365,88.37959,0.99382,0.04241,-0.00197,2.09131,-0.10536,188.50836,-0.04302,-0.16991,1.93153,22.3364,189.20554,188.774,-0.43154,203.8985,26.43493,82.35396,44631.39844,44320.5,309.53726,44631.40234,26.5,83,1
337.68069,1144.40918,61.88319,0,11.11786,16.61786,3.35122,179.87567,171.91539,386.40091,386.39777,206.99724,444.66223,444.65863,0.67368,75.99462,0.99381,0.04239,-0.00227,2.09101,-0.10907,188.62396,-0.06595,-0.16723,1.90626,22.6206,189.32738,188.89586,-0.43151,204.3441,26.43474,82.35393,44631.32422,44319.61719,310.35135,44631.32812,26.5,83,1
337.77625,1144.51135,61.9854,0,11.11789,16.61789,3.35125,179.8795,171.9222,386.41541,386.41138,207.00163,444.67892,444.67429,0.6737,64.06363,0.99383,0.04237,-0.00262,2.09067,-0.11333,188.73416,-0.08806,-0.16592,1.88227,22.88131,189.44247,189.01099,-0.43149,204.75977,26.43456,82.3539,44631.23047,44319.49219,310.38129,44631.23438,26.5,83,1
337.86273,1144.61255,62.08652,0,11.11792,16.61792,3.35127,179.88356,171.92941,386.43042,386.4285,207.00632,444.6962,444.694,0.67373,52.07965,0.99381,0.04235,-0.00302,2.09031,-0.11755,188.84428,-0.11039,-0.16575,1.85816,23.13044,189.55714,189.12567,-0.43147,205.16629,26.43438,82.35387,44631.11328,44319.35156,310.40561,44631.11719,26.5,83,1
337.99884,1144.77576,62.24972,0,11.11796,16.61796,3.35132,179.89114,171.94191,386.45627,386.45361,207.01505,444.72595,444.7229,0.67377,31.78264,0.99383,0.04231,-0.00339,2.08987,-0.12253,189.02414,-0.14735,-0.16716,1.81798,23.51334,189.74541,189.31398,-0.43143,205.81291,26.43409,82.35381,44630.86719,44319.07422,310.43289,44630.87109,26.5,83,1
338.11243,1144.91455,62.38861,0,11.118,16.618,3.35136,179.89842,171.95348,386.47983,386.47653,207.02341,444.75305,444.74927,0.67382,13.83729,0.99393,0.04228,-0.00348,2.08969,-0.12429,189.17931,-0.17967,-0.16925,1.78223,23.8262,189.90959,189.4782,-0.4314,206.35492,26.43384,82.35377,44630.60156,44318.80078,310.44412,44630.60547,26.5,83,1
338.26007,1145.09204,62.56608,0,11.11805,16.61805,3.35141,179.90889,171.96944,386.51193,386.50745,207.03546,444.79001,444.78485,0.67387,-10.08405,0.99419,0.04224,-0.00333,2.08976,-0.12332,189.38039,-0.22212,-0.1717,1.73437,24.22077,190.12509,189.69374,-0.43135,207.03879,26.43353,82.35371,44630.18359,44318.38281,310.44391,44630.1875,26.5,83,1
338.35721,1145.21143,62.68547,0,11.11808,16.61809,3.35144,179.91672,171.981,386.53494,386.52957,207.04446,444.81647,444.8103,0.67391,-26.63569,0.99442,0.04222,-0.00313,2.08995,-0.1215,189.51753,-0.25142,-0.17264,1.70097,24.48955,190.27315,189.84183,-0.43132,207.49577,26.43332,82.35368,44629.85547,44318.06641,310.43341,44629.85938,26.5,83,1
338.45605,1145.3147,62.7887,0,11.11811,16.61811,3.35147,179.92397,171.99129,386.55566,386.5462,207.05281,444.84033,444.82944,0.67395,-41.27023,0.9946,0.04221,-0.00299,2.09015,-0.11978,189.63734,-0.27725,-0.17286,1.67147,24.72643,190.40266,189.97136,-0.4313,207.89012,26.43313,82.35364,44629.53906,44317.76953,310.41806,44629.54297,26.5,83,1
338.52441,1145.40308,62.87711,0,11.11814,16.61814,3.35149,179.93045,172.00089,386.57407,386.56705,207.06027,444.86151,444.85342,0.67398,-53.94537,0.99484,0.04219,-0.00284,2.09033,-0.11845,189.74092,-0.29973,-0.17266,1.64582,24.93302,190.51454,190.08327,-0.43128,208.22755,26.43298,82.35361,44629.24609,44317.48828,310.40024,44629.25,26.5,83,1
338.63824,1145.54224,63.01618,0,11.11818,16.61818,3.35153,179.94153,172.0164,386.60431,386.59595,207.07301,444.8963,444.88669,0.67403,-74.55656,0.9952,0.04216,-0.00272,2.09057,-0.11708,189.90555,-0.33577,-0.17185,1.6049,25.26472,190.69176,190.26051,-0.43125,208.7588,26.43273,82.35356,44628.73438,44317.01953,310.3627,44628.73828,26.5,83,1
338.77615,1145.70813,63.1821,0,11.11822,16.61822,3.35158,179.95581,172.03612,386.6424,386.63196,207.08946,444.94012,444.92813,0.6741,-99.89282,0.99553,0.04212,-0.00271,2.09072,-0.11696,190.10475,-0.37991,-0.17056,1.55527,25.66733,190.90474,190.47353,-0.43121,209.39432,26.43244,82.35351,44628.05078,44316.39453,310.30344,44628.05469,26.5,83,1
338.88968,1145.8457,63.31967,0,11.11826,16.61826,3.35162,179.96869,172.05351,386.67572,386.66342,207.10428,444.97852,444.96432,0.67416,-121.51512,0.99578,0.04208,-0.00279,2.09073,-0.11798,190.27219,-0.41746,-0.16968,1.51345,26.00252,191.08258,190.6514,-0.43118,209.923,26.4322,82.35345,44627.41797,44315.82422,310.24146,44627.42188,26.5,83,1
339.01712,1146.00195,63.47593,0,11.1183,16.61831,3.35166,179.98444,172.07446,386.71552,386.70093,207.12239,445.02429,445.00751,0.67423,-146.85939,0.99606,0.04204,-0.00293,2.09071,-0.11975,190.46481,-0.46117,-0.16922,1.46511,26.38054,191.28635,190.85521,-0.43114,210.52505,26.43192,82.3534,44626.62891,44315.11719,310.15765,44626.63281,26.5,83,1
339.09949,1146.1123,63.58633,0,11.11833,16.61834,3.35169,179.99634,172.08972,386.745,386.72513,207.13609,445.0582,445.03534,0.67428,-165.28508,0.99624,0.04201,-0.00302,2.09069,-0.12104,190.60243,-0.49273,-0.16929,1.43031,26.64453,191.43169,191.00056,-0.43112,210.95149,26.43173,82.35336,44626.01953,44314.58203,310.08951,44626.02344,26.5,83,1
339.17178,1146.18469,63.65864,0,11.11836,16.61835,3.35171,180.00427,172.10054,386.76477,386.74704,207.14522,445.08096,445.06055,0.67431,-177.24147,0.9964,0.04198,-0.00309,2.09063,-0.1219,190.69331,-0.51373,-0.16952,1.40716,26.81602,191.52753,191.09642,-0.4311,211.23175,26.4316,82.35333,44625.60156,44314.30859,309.94446,44625.60547,26.5,83,1
339.29004,1146.32971,63.80368,0,11.1184,16.61839,3.35175,180.02122,172.12253,386.80603,386.78555,207.16473,445.12845,445.10489,0.67438,-202.18494,0.99671,0.04194,-0.00315,2.09067,-0.12303,190.87718,-0.55653,-0.17019,1.35991,27.15683,191.72182,191.29076,-0.43107,211.79443,26.43134,82.35328,44624.71094,44313.95312,309.40695,44624.71484,26.5,83,1
339.40469,1146.47083,63.94479,0,11.11843,16.61843,3.35179,180.03879,172.14502,386.84796,386.82452,207.18494,445.17673,445.14972,0.67446,-227.02789,0.99711,0.04189,-0.00317,2.09078,-0.12354,191.05817,-0.5991,-0.17097,1.31278,27.48591,191.91339,191.48236,-0.43103,212.3439,26.4311,82.35323,44623.77344,44313.55078,308.87152,44623.77734,26.5,83,1
339.52356,1146.61792,64.09193,0,11.11848,16.61847,3.35183,180.05827,172.16965,386.89371,386.86679,207.20737,445.22934,445.19836,0.67454,-253.62631,0.9975,0.04185,-0.00313,2.09093,-0.12351,191.2491,-0.64443,-0.1717,1.26242,27.82833,192.11584,191.68484,-0.431,212.91928,26.43084,82.35317,44622.72266,44311.39453,309.97437,44622.72656,26.5,83,1
339.63605,1146.75452,64.22846,0,11.11851,16.61851,3.35187,180.07736,172.19351,386.93784,386.90732,207.22934,445.28015,445.245,0.67461,-278.82538,0.99789,0.0418,-0.00309,2.0911,-0.12324,191.42831,-0.6874,-0.17217,1.21462,28.14712,192.30598,191.87502,-0.43097,213.45613,26.4306,82.35312,44621.67578,44309.125,311.20374,44621.67969,26.5,83,1
339.74991,1146.8927,64.3667,0,11.11855,16.61855,3.35191,180.09775,172.2189,386.98453,386.95035,207.25279,445.33386,445.29453,0.6747,-304.94507,0.99832,0.04175,-0.00304,2.09133,-0.12295,191.61177,-0.7318,-0.17244,1.16528,28.47176,192.50058,192.06964,-0.43094,214.00281,26.43036,82.35307,44620.55078,44306.75391,312.44858,44620.55469,26.5,83,1
339.88281,1147.05151,64.52557,0,11.1186,16.6186,3.35195,180.12251,172.24942,387.04047,387.00131,207.2813,445.39822,445.35318,0.67479,-335.67651,0.99885,0.0417,-0.00302,2.09164,-0.12285,191.82512,-0.78392,-0.17253,1.10751,28.84713,192.72658,192.29567,-0.4309,214.63562,26.43008,82.353,44619.16797,44303.94141,313.87936,44619.17188,26.5,83,1
340.02228,1147.2196,64.69359,0,11.11864,16.61864,3.352,180.15041,172.28345,387.10236,387.05771,207.31339,445.46945,445.41806,0.6749,-369.13855,0.99946,0.04164,-0.00302,2.09202,-0.12315,192.05367,-0.84033,-0.17256,1.04525,29.24575,192.96819,192.53732,-0.43086,215.31006,26.42978,82.35293,44617.60156,44300.85938,315.39255,44617.60547,26.5,83,1
340.13773,1147.36389,64.83784,0,11.11868,16.61868,3.35204,180.1757,172.31409,387.15775,387.10834,207.3425,445.5332,445.47632,0.675,-398.61377,1.00001,0.04158,-0.00305,2.09237,-0.12367,192.25224,-0.88982,-0.17265,0.99082,29.58816,193.17776,192.74693,-0.43083,215.89362,26.42953,82.35287,44616.17188,44298.13281,316.6918,44616.17578,26.5,83,1
340.27759,1147.53442,65.00842,0,11.11873,16.61873,3.35209,180.20724,172.35193,387.2261,387.1698,207.3788,445.61188,445.54706,0.67512,-434.2652,1.0007,0.04152,-0.0031,2.09276,-0.12446,192.48991,-0.9496,-0.1729,0.92519,29.99207,193.42818,192.99739,-0.43079,216.58931,26.42923,82.3528,44614.37109,44294.79688,318.22827,44614.375,26.5,83,1
340.41306,1147.69775,65.17172,0,11.11878,16.61878,3.35213,180.23909,172.38994,387.29446,387.23123,207.41545,445.69052,445.61777,0.67524,-469.18896,1.00132,0.04145,-0.00314,2.09302,-0.12524,192.72034,-1.00813,-0.17333,0.86093,30.37714,193.67064,193.23988,-0.43076,217.261,26.42894,82.35272,44612.53906,44291.49219,319.69928,44612.53906,26.5,83,1
340.53882,1147.85242,65.32648,0,11.11882,16.61882,3.35217,180.27097,172.42763,387.36191,387.29187,207.45213,445.76813,445.68753,0.67535,-503.237,1.00193,0.04138,-0.00317,2.0933,-0.12579,192.94121,-1.06477,-0.17385,0.79874,30.74064,193.90306,193.47234,-0.43072,217.90201,26.42867,82.35265,44610.69531,44293.15234,316.19736,44610.69922,26.5,83,1
340.62363,1147.96582,65.43987,0,11.11885,16.61885,3.35221,180.29549,172.45541,387.41296,387.33124,207.48035,445.8269,445.73285,0.67544,-528.80804,1.00235,0.04133,-0.00317,2.09358,-0.12602,193.10463,-1.10699,-0.17426,0.75238,31.00641,194.07506,193.64436,-0.4307,218.37465,26.42847,82.35261,44609.28516,44291.50781,316.42957,44609.28516,26.5,83,1
340.69183,1148.03406,65.50806,0,11.11887,16.61887,3.35222,180.31018,172.47377,387.44434,387.36505,207.49725,445.86301,445.77176,0.6755,-543.95746,1.0027,0.04129,-0.00318,2.09368,-0.12624,193.20358,-1.13271,-0.1745,0.72416,31.16613,194.17908,193.7484,-0.43068,218.66084,26.42836,82.35257,44608.41016,44290.38281,316.68347,44608.41406,26.5,83,1
340.81335,1148.18152,65.65546,0,11.11891,16.61891,3.35227,180.34375,172.51286,387.51401,387.42639,207.53589,445.94318,445.84235,0.67562,-577.88983,1.00337,0.04122,-0.00318,2.09411,-0.12645,193.41908,-1.18903,-0.17499,0.66239,31.5114,194.40582,193.97517,-0.43065,219.28186,26.4281,82.35251,44606.44531,44287.87109,317.22925,44606.44922,26.5,83,1
340.9068,1148.26929,65.74333,0,11.11893,16.61893,3.35229,180.36452,172.53601,387.55667,387.45746,207.55978,445.99228,445.87808,0.67569,-598.50946,1.00373,0.04119,-0.00317,2.0944,-0.12655,193.54863,-1.22309,-0.17527,0.62506,31.71729,194.5421,194.11147,-0.43063,219.65451,26.42795,82.35246,44605.23047,44286.33594,317.5524,44605.23438,26.5,83,1
340.97653,1148.37122,65.84523,0,11.11896,16.61896,3.35232,180.38911,172.56557,387.60736,387.50943,207.58809,446.05063,445.9379,0.67578,-622.61108,1.00434,0.04113,-0.00317,2.09478,-0.12666,193.69989,-1.26307,-0.17554,0.5813,31.95625,194.70119,194.27058,-0.43061,220.08858,26.42777,82.35242,44603.77734,44284.50781,317.92493,44603.78125,26.5,83,1
341.09836,1148.52051,65.99455,0,11.119,16.619,3.35236,180.42668,172.60878,387.68378,387.57672,207.63132,446.13855,446.01535,0.67591,-658.72473,1.00518,0.04106,-0.00317,2.09536,-0.12687,193.92348,-1.32252,-0.1759,0.51627,32.30686,194.93619,194.50562,-0.43058,220.72911,26.42751,82.35235,44601.5625,44281.75391,318.46701,44601.56641,26.5,83,1
341.18127,1148.63074,66.1047,0,11.11903,16.61903,3.35239,180.45555,172.64087,387.74191,387.62167,207.66455,446.20544,446.06708,0.67602,-685.94781,1.00571,0.04101,-0.00317,2.09578,-0.12704,194.0899,-1.36705,-0.17616,0.46759,32.56577,195.11102,194.68047,-0.43055,221.20493,26.42731,82.35229,44599.86328,44279.65625,318.86353,44599.86719,26.5,83,1
341.27646,1148.73169,66.20571,0,11.11906,16.61906,3.35242,180.48254,172.67155,387.79645,387.66736,207.6956,446.26822,446.11963,0.67611,-711.05432,1.00622,0.04096,-0.00318,2.09612,-0.12729,194.24367,-1.40842,-0.17638,0.42238,32.80328,195.27238,194.84186,-0.43053,221.64435,26.42714,82.35224,44598.25391,44277.6875,319.2251,44598.25781,26.5,83,1
341.34592,1148.81873,66.29272,0,11.11909,16.61909,3.35244,180.50613,172.69994,387.84442,387.7171,207.72276,446.32343,446.17688,0.67619,-732.7392,1.00679,0.0409,-0.00319,2.09638,-0.12756,194.377,-1.44447,-0.17659,0.38302,33.00778,195.41216,194.98164,-0.43051,222.02473,26.42699,82.3522,44596.83203,44275.95312,319.53473,44596.83594,26.5,83,1
341.47672,1148.97302,66.44701,0,11.11913,16.61913,3.35248,180.5498,172.74963,387.9317,387.79291,207.77301,446.42386,446.26413,0.67635,-772.15625,1.00766,0.04082,-0.00321,2.09694,-0.128,194.61533,-1.50928,-0.17698,0.31231,33.37009,195.662,195.23152,-0.43048,222.70354,26.42672,82.35212,44594.21875,44272.79688,320.0795,44594.22266,26.5,83,1
341.59842,1149.1239,66.59788,0,11.11917,16.61917,3.35253,180.59451,172.80006,388.02008,387.86932,207.82446,446.52554,446.35205,0.6765,-811.72424,1.00857,0.04073,-0.00322,2.09756,-0.12839,194.85074,-1.57377,-0.1774,0.24205,33.72382,195.90869,195.47824,-0.43045,223.37222,26.42646,82.35204,44591.55078,44269.60156,320.60687,44591.55078,26.5,83,1
341.72681,1149.27417,66.74813,0,11.11921,16.61921,3.35257,180.6404,172.85201,388.11084,387.94751,207.87726,446.63,446.44205,0.67666,-851.59515,1.0095,0.04064,-0.00324,2.09819,-0.12882,195.08759,-1.63911,-0.17784,0.17093,34.07564,196.15672,195.7263,-0.43041,224.04427,26.4262,82.35197,44588.78125,44266.3125,321.12714,44588.78516,26.5,83,1
341.86591,1149.44226,66.91628,0,11.11926,16.61926,3.35262,180.69414,172.91222,388.21588,388.03775,207.9391,446.75089,446.54587,0.67684,-897.34851,1.01062,0.04054,-0.00326,2.09901,-0.12922,195.35542,-1.71352,-0.17835,0.09003,34.46875,196.43712,196.00674,-0.43038,224.80232,26.42591,82.35188,44585.54688,44262.50391,321.70297,44585.54688,26.5,83,1
341.98953,1149.59509,67.06911,0,11.1193,16.6193,3.35266,180.74504,172.96878,388.31458,388.12115,207.99768,446.86444,446.64188,0.67701,-939.84625,1.0117,0.04045,-0.00326,2.09977,-0.12951,195.60141,-1.78232,-0.17881,0.01524,34.82552,196.69456,196.26422,-0.43035,225.49736,26.42564,82.3518,44582.47656,44258.91797,322.22052,44582.48047,26.5,83,1
342.10089,1149.72607,67.20008,0,11.11934,16.61934,3.35269,180.7899,173.01901,388.40158,388.19604,208.04932,446.96457,446.72806,0.67717,-976.6911,1.0126,0.04036,-0.00327,2.10037,-0.12979,195.81419,-1.84221,-0.17918,-0.04986,35.13102,196.91705,196.48674,-0.43032,226.09799,26.42541,82.35173,44579.75391,44255.75781,322.65964,44579.75781,26.5,83,1
342.21555,1149.86816,67.34211,0,11.11938,16.61938,3.35273,180.84035,173.07491,388.49847,388.27829,208.10736,447.07608,446.82269,0.67733,-1017.45782,1.01361,0.04027,-0.00327,2.10107,-0.13006,196.04692,-1.90809,-0.17958,-0.12143,35.46206,197.16037,196.73009,-0.43029,226.75377,26.42517,82.35165,44576.69531,44252.22656,323.13126,44576.69922,26.5,83,1
342.34225,1150.02466,67.49864,0,11.11942,16.61942,3.35278,180.89798,173.13843,388.60849,388.37097,208.17369,447.20267,446.92935,0.67753,-1063.29163,1.01478,0.04017,-0.00328,2.10191,-0.13035,196.30585,-1.98184,-0.17999,-0.20147,35.82674,197.43095,197.0007,-0.43026,227.48212,26.4249,82.35156,44573.19922,44248.21875,323.64526,44573.20312,26.5,83,1
342.45541,1150.16357,67.63763,0,11.11946,16.61946,3.35282,180.95067,173.19661,388.70901,388.45551,208.23431,447.31836,447.02664,0.6777,-1104.52661,1.01585,0.04007,-0.00329,2.10269,-0.13067,196.53793,-2.04833,-0.18035,-0.27355,36.15036,197.67332,197.2431,-0.43023,228.13437,26.42466,82.35149,44569.98438,44244.55078,324.09656,44569.98828,26.5,83,1
342.58765,1150.32544,67.7995,0,11.11951,16.6195,3.35286,181.01437,173.2664,388.82941,388.55627,208.30763,447.45691,447.14258,0.67791,-1153.57251,1.01715,0.03995,-0.00331,2.10369,-0.13103,196.81073,-2.12695,-0.18078,-0.35867,36.52684,197.95813,197.52794,-0.43019,228.89975,26.42438,82.35139,44566.10156,44240.14844,324.61615,44566.10547,26.5,83,1
342.73395,1150.50073,67.9747,0,11.11955,16.61955,3.35291,181.08595,173.3445,388.96393,388.66809,208.39,447.61172,447.27127,0.67815,-1207.72607,1.01869,0.03983,-0.00332,2.10487,-0.1314,197.10909,-2.21347,-0.18124,-0.45223,36.93384,198.2695,197.83934,-0.43016,229.73569,26.42408,82.35129,44561.73047,44235.22656,325.17096,44561.73438,26.5,83,1
342.81842,1150.61414,68.0881,0,11.11959,16.61959,3.35294,181.1339,173.39493,389.05338,388.73264,208.44518,447.71463,447.34555,0.6783,-1243.45422,1.01953,0.03975,-0.00333,2.10562,-0.13165,197.30392,-2.27026,-0.18155,-0.51363,37.19707,198.47273,198.0426,-0.43013,230.28123,26.42388,82.35122,44558.80859,44231.94922,325.52585,44558.8125,26.5,83,1
342.91693,1150.71716,68.19122,0,11.11961,16.61961,3.35297,181.17802,173.44292,389.13617,388.79971,208.49596,447.80994,447.42273,0.67845,-1275.99182,1.0204,0.03968,-0.00334,2.10626,-0.1319,197.48227,-2.32245,-0.18184,-0.57006,37.43623,198.65863,198.22852,-0.43011,230.78078,26.4237,82.35116,44556.08594,44228.90625,325.84573,44556.08984,26.5,83,1
342.98233,1150.80225,68.2763,0,11.11964,16.61964,3.35299,181.21481,173.48535,389.20563,388.86856,208.53828,447.88986,447.50195,0.67857,-1302.8689,1.02128,0.03959,-0.00335,2.10675,-0.13214,197.63026,-2.36591,-0.18208,-0.61706,37.63338,198.81282,198.38272,-0.4301,231.19496,26.42356,82.35111,44553.79297,44226.35156,326.10764,44553.79688,26.5,83,1
343.13052,1150.98035,68.45441,0,11.11969,16.61969,3.35304,181.29541,173.57237,389.35474,388.99078,208.63104,448.06146,447.64261,0.67883,-1360.98035,1.02291,0.03945,-0.00336,2.10798,-0.13244,197.9425,-2.45801,-0.18258,-0.71658,38.04565,199.13821,198.70816,-0.43006,232.06685,26.42325,82.351,44548.85156,44220.87109,326.64963,44548.85547,26.5,83,1
343.2627,1151.13928,68.61327,0,11.11973,16.61973,3.35309,181.36916,173.65231,389.49152,389.10245,208.7159,448.21884,447.77112,0.67907,-1413.25623,1.0244,0.03932,-0.00337,2.10908,-0.13277,198.22382,-2.54148,-0.18301,-0.8067,38.41301,199.4312,199.00117,-0.43003,232.8526,26.42298,82.3509,44544.28516,44215.82812,327.12598,44544.28906,26.5,83,1
343.38885,1151.29492,68.76893,0,11.11977,16.61977,3.35313,181.44418,173.73305,389.62933,389.2146,208.80225,448.37747,447.90018,0.67931,-1465.65076,1.02594,0.03919,-0.00338,2.11029,-0.13306,198.502,-2.62445,-0.18341,-0.89617,38.77252,199.72087,199.29088,-0.43,233.62834,26.42271,82.3508,44539.66016,44210.74219,327.58606,44539.66406,26.5,83,1
343.50357,1151.43518,68.90915,0,11.11981,16.61981,3.35317,181.51344,173.80772,389.75665,389.3176,208.88194,448.52396,448.01871,0.67953,-1513.38916,1.02737,0.03907,-0.00339,2.11145,-0.13332,198.75482,-2.70019,-0.18376,-0.97778,39.09607,199.98402,199.55406,-0.42997,234.33327,26.42247,82.35072,44535.36328,44206.03906,327.9949,44535.36719,26.5,83,1
343.63336,1151.58911,69.06307,0,11.11986,16.61986,3.35321,181.59154,173.89182,389.89972,389.43326,208.97182,448.68863,448.15179,0.67978,-1566.48486,1.02903,0.03894,-0.0034,2.11272,-0.13366,199.03471,-2.78442,-0.18414,-1.06848,39.45072,200.27522,199.84529,-0.42994,235.11353,26.42221,82.35062,44530.50781,44200.74219,328.43759,44530.51172,26.5,83,1
343.75098,1151.73499,69.20894,0,11.1199,16.6199,3.35325,181.66814,173.97362,390.03891,389.54468,209.05997,448.84879,448.28003,0.68002,-1617.86438,1.03059,0.03881,-0.00341,2.11396,-0.13393,199.30226,-2.86529,-0.1845,-1.15553,39.78613,200.55348,200.12357,-0.42991,235.85847,26.42196,82.35052,44525.76172,44195.58203,328.85083,44525.76562,26.5,83,1
343.88394,1151.8949,69.36889,0,11.11994,16.61994,3.3533,181.75424,174.06578,390.19519,389.67023,209.15906,449.02863,448.4245,0.68029,-1674.86584,1.03235,0.03866,-0.00342,2.11531,-0.13425,199.59825,-2.95515,-0.18487,-1.25223,40.1534,200.86113,200.43124,-0.42988,236.68233,26.42169,82.35041,44520.40234,44189.77734,329.29715,44520.40625,26.5,83,1
344.02228,1152.06189,69.5359,0,11.11999,16.61999,3.35334,181.84709,174.1644,390.3627,389.80212,209.2659,449.22141,448.57629,0.68059,-1735.45508,1.03422,0.0385,-0.00343,2.11678,-0.13458,199.91016,-3.05029,-0.18527,-1.35454,40.53623,201.18523,200.75539,-0.42985,237.54976,26.42141,82.3503,44514.625,44183.54297,329.75552,44514.62891,26.5,83,1
344.13657,1152.20068,69.67472,0,11.12003,16.62003,3.35338,181.92644,174.24886,390.50546,389.91577,209.35721,449.38568,448.70706,0.68083,-1786.55554,1.03586,0.03836,-0.00344,2.11808,-0.13483,200.17166,-3.13039,-0.18559,-1.4406,40.85393,201.45688,201.02705,-0.42982,238.27657,26.42117,82.3502,44509.67969,44178.18359,330.16861,44509.68359,26.5,83,1
344.28625,1152.37976,69.85372,0,11.12008,16.62008,3.35343,182.03229,174.36037,390.69412,390.06384,209.47902,449.60281,448.87747,0.68116,-1853.86072,1.03804,0.03819,-0.00345,2.1199,-0.13512,200.51184,-3.23501,-0.18599,-1.5529,41.26292,201.81023,201.38045,-0.42979,239.22081,26.42087,82.35007,44503.11328,44171.51953,330.26767,44503.11328,26.5,83,1
344.40253,1152.51953,69.9935,0,11.12012,16.62012,3.35347,182.11659,174.44981,390.84503,390.18246,209.57603,449.77643,449.01398,0.68143,-1906.78699,1.0398,0.03805,-0.00346,2.12133,-0.13539,200.77988,-3.31777,-0.18629,-1.6417,41.58184,202.08849,201.65872,-0.42976,239.95552,26.42063,82.34998,44497.83203,44182.39062,312.50687,44497.83203,26.5,82,1
